rank,card
1,7912
2,4055
3,8450
4,1174
5,1824
6,4201
7,8689
8,8518
9,8678
10,3730
11,778
12,8792
13,4012
14,9246
15,3621
16,5758
17,3698
18,1166
19,7140
20,8054
21,5581
22,7835
23,6768
24,6074
25,9239
26,876
27,287
28,5825
29,8979
30,7539
31,5627
32,7255
33,6780
34,8629
35,4102
36,7032
37,7334
38,2109
39,5410
40,8794
41,5387
42,4496
43,8280
44,9244
45,7755
46,2633
47,2303
48,1140
49,5701
50,7037
51,8264
52,6503
53,6477
54,2368
55,5368
56,9366
57,5018
58,7368
59,4521
60,5504
61,7651
62,5215
63,6599
64,8560
65,8739
66,9731
67,4374
68,962
69,4652
70,9495
71,615
72,2268
73,8539
74,2002
75,1667
76,2868
77,9598
78,9477
79,6443
80,6348
81,9827
82,5837
83,4092
84,1421
85,2744
86,6665
87,7843
88,9758
89,5328
90,9413
91,1353
92,207
93,7642
94,3204
95,4017
96,5092
97,419
98,3964
99,3373
100,3193
101,5007
102,9491
103,2468
104,1819
105,6388
106,9593
107,9016
108,5401
109,7996
110,9984
111,8749
112,5713
113,7054
114,3990
115,1680
116,3988
117,9415
118,9048
119,3473
120,8517
121,1530
122,4376
123,648
124,5143
125,1526
126,238
127,4947
128,721
129,1098
130,9177
131,3270
132,5450
133,902
134,1288
135,2846
136,5330
137,3022
138,9871
139,7155
140,552
141,2742
142,6572
143,8139
144,2149
145,8273
146,3605
147,3507
148,2196
149,789
150,3182
151,6575
152,4869
153,3083
154,9343
155,3760
156,8735
157,7679
158,3884
159,9773
160,6949
161,2654
162,6448
163,4183
164,5733
165,384
166,5695
167,6701
168,8660
169,1968
170,8325
171,208
172,5615
173,9581
174,6912
175,6718
176,568
177,3383
178,6200
179,4076
180,1124
181,579
182,3594
183,3314
184,7473
185,3527
186,7800
187,4960
188,1752
189,2842
190,4128
191,1348
192,8207
193,9279
194,3281
195,8062
196,2358
197,3124
198,3004
199,8799
200,6796
201,3331
202,8206
203,4195
204,7885
205,614
206,5084
207,8822
208,4523
209,1977
210,1246
211,4027
212,7928
213,6668
214,4961
215,4826
216,4757
217,5920
218,8072
219,4992
220,5167
221,9783
222,3740
223,7108
224,5678
225,8857
226,3033
227,1741
228,4878
229,3808
230,5512
231,8584
232,3588
233,6805
234,5680
235,5365
236,2824
237,3519
238,9221
239,1904
240,9352
241,1940
242,7693
243,8925
244,8526
245,3252
246,5208
247,7373
248,7378
249,813
250,9875
251,9837
252,3946
253,1783
254,5395
255,5071
256,4994
257,3040
258,1754
259,7594
260,8671
261,7910
262,5852
263,3890
264,4079
265,1625
266,2045
267,5631
268,2508
269,6887
270,5439
271,241
272,5714
273,8950
274,712
275,182
276,6739
277,6353
278,3886
279,5687
280,4724
281,2519
282,9819
283,6957
284,862
285,9526
286,4732
287,3434
288,4796
289,529
290,9216
291,2967
292,7258
293,1643
294,7898
295,5251
296,5950
297,492
298,8059
299,4596
300,8783
301,1932
302,854
303,6196
304,1881
305,5802
306,5743
307,5414
308,8763
309,2858
310,6794
311,551
312,8344
313,8441
314,2491
315,9596
316,160
317,9880
318,8473
319,8774
320,8394
321,699
322,8322
323,7426
324,7105
325,5792
326,359
327,1738
328,4344
329,5662
330,2507
331,9364
332,8169
333,8656
334,2406
335,5582
336,3555
337,4349
338,4329
339,3885
340,3806
341,1722
342,4813
343,6545
344,7463
345,4448
346,6261
347,2476
348,9389
349,1468
350,2264
351,4463
352,6003
353,476
354,8720
355,8377
356,5047
357,7421
358,8963
359,8171
360,8028
361,2550
362,5227
363,3645
364,3186
365,6630
366,2111
367,168
368,2332
369,1203
370,7851
371,4478
372,6690
373,7042
374,2606
375,9791
376,9402
377,3719
378,3107
379,6926
380,2549
381,9995
382,8672
383,5771
384,46
385,4208
386,7562
387,5116
388,9847
389,8240
390,1800
391,3612
392,6473
393,4229
394,6893
395,5415
396,8157
397,5959
398,4897
399,7503
400,2650
401,6588
402,9241
403,1517
404,2857
405,8123
406,6558
407,4473
408,2563
409,5162
410,4638
411,8675
412,844
413,3054
414,7526
415,3984
416,523
417,5403
418,3245
419,3131
420,3410
421,9705
422,2364
423,2931
424,6784
425,896
426,1113
427,3498
428,8761
429,1847
430,7884
431,1414
432,8831
433,5883
434,4859
435,32
436,823
437,5891
438,6505
439,7435
440,4204
441,7301
442,6495
443,6366
444,4094
445,7407
446,9667
447,1301
448,1936
449,9922
450,1916
451,2571
452,8565
453,7590
454,2279
455,2276
456,5366
457,7608
458,5299
459,632
460,1990
461,7067
462,9755
463,6342
464,8986
465,1085
466,8767
467,131
468,7078
469,8741
470,2615
471,3614
472,3430
473,6370
474,9537
475,972
476,2359
477,6019
478,3380
479,7592
480,7603
481,1261
482,9021
483,5632
484,9576
485,4578
486,7938
487,8706
488,6562
489,3382
490,5119
491,6241
492,1327
493,1613
494,2260
495,3908
496,2694
497,1980
498,2976
499,5195
500,8317
501,1129
502,5021
503,8315
504,7132
505,7609
506,7706
507,6075
508,956
509,62
510,6164
511,5029
512,2537
513,8981
514,2795
515,4607
516,7124
517,5433
518,6134
519,8594
520,6367
521,918
522,7905
523,1793
524,2831
525,1609
526,8437
527,4406
528,3939
529,679
530,8255
531,7430
532,8729
533,1349
534,1037
535,5805
536,9853
537,2411
538,299
539,4115
540,9394
541,6808
542,6324
543,2245
544,2893
545,6136
546,6296
547,2003
548,7911
549,889
550,5964
551,639
552,8586
553,983
554,3020
555,4036
556,4645
557,9839
558,2770
559,1520
560,6280
561,2097
562,2313
563,5861
564,7744
565,9493
566,4069
567,6290
568,4279
569,8827
570,5625
571,5970
572,7354
573,7010
574,3772
575,6250
576,2000
577,1996
578,5661
579,6252
580,9062
581,9720
582,1768
583,8643
584,6631
585,9911
586,828
587,387
588,3513
589,3951
590,2847
591,6996
592,7676
593,7128
594,7713
595,7707
596,455
597,3302
598,4146
599,28
600,2137
601,2295
602,4980
603,5422
604,6113
605,4930
606,9626
607,2916
608,1151
609,8872
610,9764
611,1066
612,5280
613,9133
614,6394
615,7467
616,9149
617,2632
618,1750
619,7327
620,3491
621,5249
622,2572
623,7062
624,1443
625,7026
626,3790
627,7668
628,8847
629,5486
630,9639
631,215
632,6848
633,1536
634,6318
635,3012
636,8575
637,3546
638,8084
639,7591
640,2699
641,5741
642,9854
643,2816
644,7118
645,8583
646,1064
647,9694
648,0
649,9653
650,526
651,1257
652,853
653,8930
654,7264
655,4062
656,5526
657,3551
658,5357
659,9759
660,9403
661,9910
662,2098
663,9786
664,8374
665,3837
666,9792
667,4495
668,1841
669,9154
670,2817
671,1787
672,6297
673,9178
674,8231
675,8058
676,3233
677,58
678,353
679,1436
680,4282
681,1169
682,8436
683,490
684,3190
685,3312
686,5382
687,306
688,4477
689,7719
690,4410
691,7156
692,5166
693,9919
694,6585
695,7831
696,5148
697,9687
698,3528
699,8688
700,85
701,2299
702,3240
703,4973
704,9524
705,7899
706,5279
707,7278
708,8065
709,3549
710,7231
711,1903
712,6281
713,1099
714,7595
715,9223
716,3258
717,37
718,7249
719,7274
720,5767
721,3035
722,3944
723,1120
724,3593
725,945
726,3747
727,9405
728,6627
729,9467
730,5332
731,8368
732,6173
733,8354
734,2862
735,5666
736,5929
737,483
738,2807
739,6305
740,304
741,5252
742,9994
743,3109
744,6285
745,4180
746,3986
747,2592
748,2517
749,3505
750,6850
751,3642
752,515
753,9914
754,744
755,3816
756,7524
757,2124
758,4090
759,1314
760,8155
761,4401
762,6615
763,2298
764,3512
765,6728
766,4634
767,8603
768,8646
769,4709
770,1262
771,6011
772,7718
773,7172
774,68
775,3301
776,6712
777,1664
778,2760
779,586
780,3043
781,9538
782,758
783,4678
784,7962
785,4127
786,3174
787,3244
788,1635
789,6462
790,3819
791,242
792,1554
793,2081
794,4923
795,3367
796,6091
797,9820
798,3570
799,6052
800,5499
801,7204
802,4378
803,5452
804,1075
805,3795
806,8151
807,5483
808,2765
809,3370
810,2343
811,5862
812,9410
813,7306
814,2374
815,2348
816,211
817,4259
818,3503
819,8356
820,5233
821,4383
822,7855
823,2635
824,7446
825,5660
826,2146
827,9663
828,1769
829,4682
830,8881
831,5430
832,2357
833,6055
834,2890
835,4756
836,5470
837,613
838,8408
839,4289
840,5945
841,5038
842,74
843,1704
844,4625
845,8927
846,6779
847,6372
848,4420
849,8305
850,4966
851,1854
852,7953
853,9930
854,5379
855,5982
856,553
857,48
858,7406
859,9610
860,6696
861,8522
862,2748
863,7606
864,3662
865,1448
866,9173
867,2009
868,5288
869,9131
870,1159
871,9614
872,1337
873,3609
874,4877
875,1295
876,2131
877,3680
878,9106
879,6246
880,6675
881,7932
882,3595
883,4819
884,9186
885,8350
886,5832
887,363
888,8851
889,4933
890,8887
891,5551
892,8454
893,8121
894,1058
895,5036
896,4769
897,578
898,2546
899,9434
900,9380
901,4093
902,3799
903,3615
904,7807
905,4808
906,2647
907,5241
908,1230
909,6457
910,4451
911,5061
912,3652
913,3479
914,3187
915,3274
916,1558
917,6487
918,2543
919,6
920,7181
921,2577
922,4888
923,8232
924,7277
925,7612
926,7005
927,5748
928,1224
929,5057
930,6764
931,6224
932,4056
933,633
934,5318
935,369
936,7017
937,4613
938,1015
939,2455
940,8878
941,6612
942,7660
943,1758
944,3226
945,5921
946,2997
947,9450
948,5487
949,1792
950,8241
951,3364
952,8091
953,4550
954,9661
955,9258
956,3516
957,2396
958,8547
959,4755
960,6238
961,8385
962,6529
963,3575
964,4247
965,2304
966,6757
967,1794
968,4705
969,7786
970,3755
971,2477
972,1233
973,2969
974,7009
975,910
976,3269
977,1837
978,9752
979,2389
980,9478
981,598
982,5942
983,9589
984,6809
985,7195
986,9134
987,3280
988,3156
989,3697
990,2809
991,6117
992,2047
993,6515
994,2819
995,6315
996,7951
997,4817
998,1216
999,5060
1000,491
1001,7787
1002,56
1003,7571
1004,1093
1005,2487
1006,7400
1007,6518
1008,5826
1009,6102
1010,5831
1011,3295
1012,8528
1013,4385
1014,3195
1015,9066
1016,6908
1017,2234
1018,5485
1019,6004
1020,3679
1021,938
1022,3857
1023,3150
1024,1376
1025,4010
1026,5359
1027,3179
1028,8164
1029,3096
1030,620
1031,2666
1032,4743
1033,6860
1034,8852
1035,7987
1036,3118
1037,8159
1038,1333
1039,7113
1040,1735
1041,8128
1042,6346
1043,1009
1044,3699
1045,7906
1046,6217
1047,3056
1048,898
1049,1650
1050,5149
1051,664
1052,3316
1053,9206
1054,4929
1055,6422
1056,8248
1057,5427
1058,3087
1059,2619
1060,7146
1061,2965
1062,7434
1063,6577
1064,9423
1065,8003
1066,170
1067,5135
1068,7084
1069,2068
1070,2863
1071,6256
1072,8061
1073,98
1074,9738
1075,776
1076,9802
1077,7290
1078,2084
1079,210
1080,9685
1081,7615
1082,1771
1083,9383
1084,407
1085,8202
1086,9535
1087,4672
1088,1493
1089,7034
1090,5814
1091,6548
1092,8323
1093,2288
1094,8640
1095,8118
1096,4310
1097,5882
1098,6829
1099,18
1100,9091
1101,2287
1102,9945
1103,6218
1104,5642
1105,7318
1106,2723
1107,1214
1108,3017
1109,3900
1110,1815
1111,2044
1112,2159
1113,218
1114,5601
1115,2217
1116,8553
1117,9085
1118,6236
1119,9962
1120,8415
1121,7007
1122,684
1123,873
1124,3532
1125,9735
1126,9397
1127,2838
1128,146
1129,4662
1130,3959
1131,392
1132,344
1133,8076
1134,142
1135,1390
1136,1857
1137,73
1138,5538
1139,4341
1140,8923
1141,1424
1142,5558
1143,1484
1144,7147
1145,1728
1146,7046
1147,623
1148,77
1149,6235
1150,2366
1151,9543
1152,503
1153,5438
1154,6201
1155,9159
1156,2178
1157,9044
1158,5005
1159,9086
1160,8422
1161,2959
1162,4158
1163,2338
1164,7560
1165,5125
1166,190
1167,7414
1168,9571
1169,997
1170,9196
1171,5570
1172,4618
1173,7433
1174,6725
1175,2734
1176,2630
1177,9770
1178,5259
1179,4392
1180,8233
1181,7271
1182,3250
1183,9322
1184,606
1185,6683
1186,4332
1187,5746
1188,2356
1189,3112
1190,6895
1191,1503
1192,1478
1193,6105
1194,1022
1195,3739
1196,7224
1197,1275
1198,6039
1199,9612
1200,4487
1201,204
1202,386
1203,7379
1204,6549
1205,7720
1206,7071
1207,5040
1208,79
1209,4154
1210,6144
1211,8297
1212,9150
1213,8549
1214,9325
1215,2465
1216,8082
1217,4676
1218,7890
1219,790
1220,1258
1221,7168
1222,5196
1223,7709
1224,5654
1225,3950
1226,9729
1227,1596
1228,9321
1229,1256
1230,6939
1231,9483
1232,4713
1233,1043
1234,1998
1235,5099
1236,3039
1237,7305
1238,9340
1239,884
1240,9688
1241,3401
1242,4845
1243,2238
1244,9620
1245,9188
1246,9570
1247,4273
1248,2110
1249,3062
1250,4698
1251,7199
1252,7260
1253,521
1254,2189
1255,5035
1256,602
1257,1709
1258,193
1259,7275
1260,5501
1261,8278
1262,7799
1263,2495
1264,2984
1265,7110
1266,1163
1267,9146
1268,6556
1269,4721
1270,847
1271,866
1272,3872
1273,5380
1274,3436
1275,548
1276,6049
1277,7203
1278,6913
1279,6944
1280,9472
1281,1302
1282,2121
1283,8636
1284,373
1285,9155
1286,326
1287,5310
1288,1110
1289,4863
1290,516
1291,2573
1292,1790
1293,6154
1294,9005
1295,8203
1296,682
1297,230
1298,8837
1299,2449
1300,5711
1301,6866
1302,351
1303,9551
1304,6170
1305,9381
1306,4848
1307,1969
1308,1385
1309,8161
1310,2227
1311,8009
1312,4121
1313,5437
1314,1698
1315,2473
1316,9004
1317,8263
1318,4565
1319,1984
1320,6189
1321,9162
1322,1515
1323,2291
1324,4210
1325,9018
1326,4700
1327,9360
1328,6855
1329,3770
1330,2986
1331,7582
1332,1885
1333,512
1334,5491
1335,9431
1336,5475
1337,4571
1338,934
1339,1849
1340,9679
1341,8615
1342,3754
1343,2430
1344,3822
1345,5495
1346,2405
1347,5821
1348,1069
1349,1272
1350,8968
1351,5088
1352,6446
1353,7066
1354,4991
1355,6817
1356,8928
1357,76
1358,6917
1359,7574
1360,7696
1361,9454
1362,7994
1363,6833
1364,8674
1365,3787
1366,1172
1367,6012
1368,7453
1369,829
1370,8681
1371,9651
1372,6300
1373,6395
1374,8443
1375,3468
1376,6734
1377,4380
1378,8421
1379,6287
1380,7365
1381,8197
1382,7194
1383,9226
1384,1604
1385,8308
1386,3724
1387,2814
1388,1207
1389,8519
1390,9552
1391,9723
1392,4551
1393,4667
1394,3018
1395,9033
1396,3599
1397,9600
1398,1128
1399,1600
1400,5297
1401,4778
1402,64
1403,1483
1404,2058
1405,3372
1406,4655
1407,6284
1408,9861
1409,4939
1410,6459
1411,9213
1412,8146
1413,6514
1414,4234
1415,3918
1416,9986
1417,7794
1418,9452
1419,1788
1420,7395
1421,2684
1422,6770
1423,3176
1424,2041
1425,2919
1426,86
1427,6059
1428,8567
1429,4560
1430,8896
1431,4396
1432,8245
1433,6584
1434,9339
1435,9635
1436,6278
1437,5225
1438,7960
1439,4768
1440,3727
1441,1700
1442,1511
1443,4248
1444,9744
1445,61
1446,9481
1447,4739
1448,5709
1449,7879
1450,5786
1451,4589
1452,2503
1453,4054
1454,6239
1455,8027
1456,3500
1457,9053
1458,7133
1459,8716
1460,7096
1461,7180
1462,9601
1463,9546
1464,2160
1465,6875
1466,3731
1467,1718
1468,4101
1469,1155
1470,9198
1471,9462
1472,499
1473,1818
1474,1345
1475,9644
1476,2772
1477,2237
1478,826
1479,9310
1480,6212
1481,6539
1482,3361
1483,6629
1484,2691
1485,927
1486,2281
1487,9265
1488,2269
1489,3135
1490,2475
1491,6769
1492,1776
1493,5264
1494,1822
1495,8730
1496,9963
1497,5230
1498,5903
1499,2936
1500,580
1501,8066
1502,7460
1503,7269
1504,8810
1505,8952
1506,1831
1507,5048
1508,9701
1509,6122
1510,3623
1511,4642
1512,4651
1513,9130
1514,6924
1515,377
1516,9025
1517,7943
1518,520
1519,6697
1520,8811
1521,4250
1522,9765
1523,45
1524,9851
1525,7504
1526,4123
1527,7376
1528,8574
1529,2683
1530,5093
1531,4147
1532,4474
1533,1533
1534,5150
1535,5597
1536,5231
1537,180
1538,3654
1539,573
1540,8845
1541,6791
1542,1283
1543,9261
1544,9677
1545,3868
1546,6876
1547,6953
1548,9144
1549,9558
1550,1844
1551,2881
1552,8886
1553,331
1554,8472
1555,7567
1556,8457
1557,3553
1558,6439
1559,7103
1560,3704
1561,9812
1562,8582
1563,3128
1564,8355
1565,5622
1566,1446
1567,3254
1568,7944
1569,9436
1570,4467
1571,1427
1572,20
1573,4159
1574,3452
1575,4303
1576,6920
1577,3215
1578,6467
1579,8045
1580,1138
1581,3792
1582,6313
1583,2433
1584,3328
1585,4593
1586,6834
1587,4254
1588,3677
1589,5679
1590,2066
1591,5411
1592,6607
1593,4005
1594,8359
1595,474
1596,360
1597,9111
1598,7610
1599,6830
1600,6307
1601,1646
1602,6564
1603,6971
1604,3830
1605,4527
1606,2185
1607,3633
1608,3047
1609,4312
1610,1160
1611,7732
1612,2774
1613,6553
1614,2198
1615,6143
1616,819
1617,4949
1618,5997
1619,3919
1620,9002
1621,8965
1622,746
1623,1104
1624,9017
1625,2899
1626,4576
1627,834
1628,947
1629,3137
1630,5659
1631,1927
1632,3145
1633,5925
1634,8695
1635,3666
1636,5846
1637,2248
1638,7212
1639,9703
1640,4284
1641,2212
1642,7484
1643,7673
1644,5784
1645,1395
1646,6596
1647,3586
1648,2274
1649,2459
1650,7601
1651,5055
1652,362
1653,6628
1654,4286
1655,967
1656,4081
1657,5628
1658,7008
1659,5326
1660,4318
1661,3355
1662,5869
1663,995
1664,1397
1665,9285
1666,7507
1667,5045
1668,9245
1669,848
1670,7935
1671,1956
1672,7189
1673,2681
1674,9496
1675,8068
1676,3141
1677,7465
1678,6988
1679,4749
1680,691
1681,7437
1682,815
1683,4389
1684,5550
1685,3508
1686,5096
1687,2175
1688,2526
1689,6586
1690,5844
1691,8721
1692,4711
1693,1875
1694,3683
1695,4382
1696,4404
1697,1042
1698,2014
1699,7184
1700,9166
1701,7619
1702,5877
1703,1538
1704,5571
1705,6185
1706,3238
1707,6914
1708,6521
1709,7083
1710,2020
1711,4354
1712,5444
1713,4182
1714,2943
1715,7838
1716,7631
1717,1638
1718,1531
1719,9561
1720,5338
1721,6617
1722,8382
1723,9748
1724,9466
1725,2513
1726,6434
1727,8353
1728,4660
1729,5339
1730,6916
1731,9906
1732,3769
1733,3750
1734,3200
1735,6653
1736,8321
1737,5358
1738,839
1739,3712
1740,1425
1741,2848
1742,6948
1743,185
1744,3764
1745,9147
1746,4442
1747,6911
1748,5289
1749,6451
1750,9901
1751,2932
1752,5836
1753,4677
1754,8713
1755,4061
1756,4856
1757,3661
1758,2435
1759,4908
1760,5391
1761,6541
1762,274
1763,2788
1764,5754
1765,9057
1766,1167
1767,5294
1768,7287
1769,5676
1770,1826
1771,3296
1772,3627
1773,8392
1774,5801
1775,1201
1776,2101
1777,3106
1778,1548
1779,1145
1780,3067
1781,1866
1782,4063
1783,791
1784,6674
1785,4151
1786,4011
1787,1666
1788,9022
1789,1900
1790,7072
1791,3257
1792,4440
1793,4567
1794,6686
1795,5667
1796,1471
1797,6488
1798,7166
1799,4405
1800,6253
1801,4885
1802,2158
1803,1474
1804,3807
1805,8593
1806,8386
1807,5986
1808,6820
1809,1035
1810,2423
1811,1839
1812,3721
1813,7475
1814,2966
1815,9997
1816,6759
1817,657
1818,1622
1819,6277
1820,1297
1821,2776
1822,2221
1823,4539
1824,8081
1825,781
1826,1292
1827,9288
1828,857
1829,939
1830,5644
1831,9869
1832,2992
1833,3972
1834,4040
1835,7812
1836,5090
1837,2354
1838,3601
1839,8727
1840,7607
1841,3458
1842,7141
1843,6116
1844,9580
1845,252
1846,7097
1847,6089
1848,9960
1849,5095
1850,2250
1851,4559
1852,1640
1853,7429
1854,9824
1855,850
1856,4671
1857,4737
1858,9724
1859,9341
1860,2390
1861,536
1862,4556
1863,7613
1864,7737
1865,6464
1866,2601
1867,4490
1868,8546
1869,8404
1870,6406
1871,7200
1872,976
1873,5643
1874,6358
1875,1182
1876,9252
1877,7362
1878,8642
1879,3714
1880,5941
1881,5914
1882,6571
1883,6390
1884,4189
1885,2026
1886,5740
1887,3353
1888,9976
1889,508
1890,7003
1891,209
1892,2720
1893,310
1894,7518
1895,3994
1896,5052
1897,7299
1898,7895
1899,8052
1900,6681
1901,1356
1902,8602
1903,52
1904,3536
1905,1249
1906,4649
1907,4653
1908,4465
1909,4684
1910,31
1911,1454
1912,2182
1913,9118
1914,2651
1915,958
1916,3369
1917,1983
1918,9939
1919,6961
1920,1322
1921,3578
1922,1495
1923,1444
1924,2604
1925,622
1926,8468
1927,1567
1928,6050
1929,3154
1930,7730
1931,9376
1932,2232
1933,9047
1934,6466
1935,6411
1936,3635
1937,7958
1938,1265
1939,5
1940,7941
1941,1806
1942,5608
1943,9424
1944,6426
1945,2930
1946,2082
1947,8380
1948,8094
1949,2184
1950,4580
1951,163
1952,4925
1953,3379
1954,1573
1955,7210
1956,5384
1957,9074
1958,1684
1959,2937
1960,1730
1961,7659
1962,7547
1963,410
1964,6669
1965,3773
1966,2585
1967,6951
1968,6472
1969,864
1970,9782
1971,4537
1972,5867
1973,5505
1974,9650
1975,4781
1976,66
1977,153
1978,7157
1979,3203
1980,7029
1981,9392
1982,3629
1983,9602
1984,822
1985,3665
1986,2528
1987,3207
1988,3997
1989,7714
1990,3450
1991,557
1992,2102
1993,327
1994,9455
1995,2504
1996,2559
1997,6027
1998,1296
1999,9974
2000,8031
2001,2275
2002,7818
2003,7817
2004,811
2005,8617
2006,7721
2007,3282
2008,4493
2009,7273
2010,7767
2011,2173
2012,7398
2013,6337
2014,2662
2015,5122
2016,1031
2017,3475
2018,1777
2019,1546
2020,1361
2021,3356
2022,4519
2023,9879
2024,4041
2025,8304
2026,7535
2027,4884
2028,4042
2029,7482
2030,4105
2031,8918
2032,6148
2033,6489
2034,4968
2035,7640
2036,5105
2037,5031
2038,9097
2039,1749
2040,7387
2041,2533
2042,5434
2043,2016
2044,9220
2045,7138
2046,5304
2047,3394
2048,3663
2049,5833
2050,2042
2051,9237
2052,9517
2053,3198
2054,5650
2055,6228
2056,1913
2057,8267
2058,8143
2059,9821
2060,7221
2061,8090
2062,5547
2063,7229
2064,8736
2065,1982
2066,5747
2067,4352
2068,950
2069,9678
2070,1782
2071,2968
2072,314
2073,1126
2074,2231
2075,5087
2076,6502
2077,5303
2078,2153
2079,5224
2080,3365
2081,6978
2082,4803
2083,3073
2084,8685
2085,8345
2086,2467
2087,7850
2088,2554
2089,2437
2090,1823
2091,3196
2092,9623
2093,1860
2094,796
2095,4511
2096,1451
2097,8698
2098,7466
2099,7972
2100,186
2101,5707
2102,6936
2103,6494
2104,5522
2105,3065
2106,7575
2107,9156
2108,7033
2109,7292
2110,9872
2111,3514
2112,3709
2113,7107
2114,713
2115,1645
2116,6729
2117,1134
2118,4853
2119,4685
2120,625
2121,5229
2122,5575
2123,2438
2124,985
2125,5210
2126,8150
2127,3090
2128,9956
2129,3564
2130,6107
2131,3399
2132,9059
2133,8395
2134,9214
2135,4636
2136,6645
2137,3231
2138,1838
2139,5830
2140,2777
2141,4417
2142,3074
2143,5874
2144,5996
2145,7086
2146,9209
2147,4558
2148,5416
2149,3682
2150,5192
2151,1329
2152,8742
2153,8292
2154,4830
2155,2624
2156,1485
2157,8460
2158,1506
2159,213
2160,6547
2161,8644
2162,3834
2163,9680
2164,5555
2165,651
2166,2073
2167,7333
2168,8370
2169,5517
2170,6207
2171,7295
2172,3299
2173,1965
2174,5806
2175,1108
2176,3692
2177,2786
2178,5464
2179,7497
2180,999
2181,453
2182,2725
2183,7680
2184,5543
2185,803
2186,27
2187,8439
2188,4969
2189,1445
2190,7487
2191,4861
2192,9850
2193,2961
2194,8024
2195,135
2196,990
2197,4290
2198,915
2199,7845
2200,7075
2201,2780
2202,3002
2203,5275
2204,7889
2205,2262
2206,3487
2207,8487
2208,3744
2209,2265
2210,9440
2211,8021
2212,6967
2213,4452
2214,5159
2215,9967
2216,8580
2217,970
2218,434
2219,4198
2220,471
2221,2860
2222,1628
2223,4347
2224,6079
2225,8853
2226,1452
2227,8609
2228,1886
2229,5244
2230,9502
2231,1290
2232,5892
2233,1732
2234,5243
2235,3162
2236,4990
2237,8349
2238,2646
2239,1878
2240,1859
2241,2808
2242,6793
2243,5816
2244,2301
2245,2801
2246,549
2247,5521
2248,5482
2249,5955
2250,5828
2251,8452
2252,6787
2253,3509
2254,9566
2255,7226
2256,9479
2257,7366
2258,8726
2259,5797
2260,5374
2261,7417
2262,591
2263,6836
2264,6602
2265,2910
2266,8493
2267,3100
2268,6072
2269,8926
2270,4574
2271,4804
2272,5207
2273,8417
2274,9480
2275,1084
2276,8911
2277,3267
2278,6884
2279,821
2280,9142
2281,4542
2282,1002
2283,584
2284,6776
2285,6530
2286,7060
2287,7050
2288,3713
2289,6921
2290,3649
2291,9320
2292,4287
2293,1286
2294,174
2295,8883
2296,5732
2297,926
2298,1239
2299,2733
2300,7654
2301,6419
2302,650
2303,2880
2304,152
2305,3277
2306,8667
2307,5098
2308,9585
2309,3057
2310,3000
2311,1040
2312,1585
2313,4454
2314,9996
2315,7345
2316,8237
2317,5325
2318,8535
2319,7878
2320,8214
2321,4399
2322,5000
2323,3903
2324,7242
2325,7304
2326,8745
2327,8298
2328,5514
2329,8131
2330,5789
2331,827
2332,3620
2333,6379
2334,41
2335,7564
2336,7725
2337,911
2338,225
2339,4026
2340,6283
2341,8717
2342,9302
2343,1529
2344,1469
2345,4688
2346,8365
2347,116
2348,342
2349,531
2350,2933
2351,127
2352,7338
2353,8658
2354,6205
2355,978
2356,7188
2357,2945
2358,8620
2359,7859
2360,8569
2361,1165
2362,5645
2363,6067
2364,3234
2365,7907
2366,1063
2367,6795
2368,3446
2369,4895
2370,1814
2371,9907
2372,5174
2373,4549
2374,1588
2375,996
2376,2350
2377,5670
2378,5890
2379,9471
2380,9829
2381,1373
2382,2812
2383,6899
2384,3044
2385,4827
2386,6680
2387,5320
2388,6169
2389,9979
2390,7806
2391,4434
2392,2072
2393,7336
2394,6317
2395,5032
2396,44
2397,7359
2398,6146
2399,752
2400,5966
2401,2174
2402,3474
2403,2318
2404,4600
2405,1408
2406,9898
2407,9900
2408,6891
2409,676
2410,5773
2411,1525
2412,8129
2413,5885
2414,7694
2415,317
2416,3953
2417,9617
2418,2679
2419,5200
2420,2106
2421,2582
2422,9970
2423,5765
2424,2241
2425,5129
2426,9508
2427,1989
2428,1710
2429,1407
2430,2736
2431,731
2432,8160
2433,8444
2434,4657
2435,6270
2436,4255
2437,5859
2438,1731
2439,3971
2440,5453
2441,8529
2442,112
2443,5954
2444,8944
2445,8223
2446,5856
2447,4988
2448,1367
2449,3071
2450,6986
2451,704
2452,3611
2453,4881
2454,1490
2455,9475
2456,814
2457,871
2458,1669
2459,6788
2460,4425
2461,3266
2462,7294
2463,2194
2464,6454
2465,4221
2466,4345
2467,333
2468,5476
2469,7728
2470,6321
2471,1021
2472,1657
2473,8239
2474,5511
2475,8661
2476,6412
2477,3462
2478,4001
2479,6334
2480,7776
2481,9742
2482,1372
2483,8942
2484,7757
2485,5675
2486,3927
2487,782
2488,668
2489,5727
2490,748
2491,5649
2492,3691
2493,4650
2494,4734
2495,9208
2496,9068
2497,6260
2498,1277
2499,1539
2500,1883
2501,8311
2502,184
2503,1118
2504,4911
2505,5699
2506,1223
2507,9795
2508,569
2509,266
2510,3319
2511,4108
2512,3558
2513,4479
2514,422
2515,3066
2516,8875
2517,6711
2518,1394
2519,3618
2520,3129
2521,4327
2522,3674
2523,7220
2524,8769
2525,1978
2526,3695
2527,1158
2528,7976
2529,5948
2530,1044
2531,6773
2532,9740
2533,78
2534,9772
2535,34
2536,4249
2537,1355
2538,1723
2539,1156
2540,7670
2541,7093
2542,8873
2543,9046
2544,9399
2545,8137
2546,9040
2547,7149
2548,6989
2549,8198
2550,268
2551,9260
2552,300
2553,7984
2554,7837
2555,9908
2556,6999
2557,3307
2558,497
2559,5541
2560,4033
2561,5736
2562,3746
2563,9855
2564,1412
2565,8019
2566,2398
2567,8038
2568,4433
2569,897
2570,9460
2571,3480
2572,8815
2573,8210
2574,1387
2575,6381
2576,7747
2577,2941
2578,8507
2579,1248
2580,701
2581,8975
2582,5164
2583,8176
2584,4459
2585,4894
2586,6886
2587,9815
2588,5838
2589,574
2590,1423
2591,3991
2592,1183
2593,2672
2594,1757
2595,3547
2596,7452
2597,9756
2598,2700
2599,1737
2600,1760
2601,9672
2602,893
2603,2271
2604,7270
2605,5078
2606,6641
2607,5104
2608,4342
2609,3108
2610,9702
2611,2330
2612,2510
2613,9606
2614,8509
2615,7644
2616,3467
2617,1649
2618,5132
2619,6269
2620,8992
2621,806
2622,596
2623,7861
2624,8503
2625,4297
2626,5961
2627,1949
2628,6265
2629,6151
2630,3338
2631,6877
2632,5704
2633,6960
2634,3289
2635,99
2636,265
2637,2548
2638,989
2639,3445
2640,4444
2641,7431
2642,6685
2643,9180
2644,2094
2645,2841
2646,4767
2647,5267
2648,5762
2649,8978
2650,2561
2651,655
2652,2822
2653,4281
2654,1018
2655,7638
2656,6398
2657,5722
2658,8114
2659,7770
2660,5583
2661,3076
2662,3420
2663,6684
2664,3189
2665,8020
2666,9485
2667,5951
2668,8804
2669,4702
2670,9023
2671,903
2672,1363
2673,3437
2674,6694
2675,8777
2676,1065
2677,2078
2678,2055
2679,8570
2680,1619
2681,5507
2682,9686
2683,4251
2684,4139
2685,2575
2686,428
2687,9690
2688,3726
2689,16
2690,5751
2691,1416
2692,767
2693,1276
2694,6983
2695,539
2696,4692
2697,7381
2698,6403
2699,8691
2700,4148
2701,4699
2702,4965
2703,4099
2704,4997
2705,8483
2706,1105
2707,489
2708,8985
2709,7356
2710,9584
2711,4424
2712,1442
2713,2325
2714,2574
2715,5103
2716,5677
2717,891
2718,9006
2719,4831
2720,5388
2721,2399
2722,89
2723,6531
2724,9271
2725,6654
2726,3034
2727,5578
2728,2939
2729,7197
2730,6928
2731,3640
2732,7520
2733,5803
2734,8818
2735,7705
2736,285
2737,733
2738,2123
2739,9909
2740,5463
2741,12
2742,5017
2743,2344
2744,9843
2745,330
2746,1479
2747,4942
2748,5724
2749,1685
2750,8449
2751,6135
2752,1334
2753,2190
2754,6970
2755,9913
2756,409
2757,5933
2758,9197
2759,6815
2760,7171
2761,1285
2762,7380
2763,8306
2764,1079
2765,472
2766,2093
2767,4680
2768,8964
2769,461
2770,6762
2771,4849
2772,8892
2773,1189
2774,705
2775,5641
2776,1674
2777,4710
2778,5308
2779,8112
2780,9953
2781,3753
2782,2627
2783,6221
2784,5315
2785,8339
2786,418
2787,3030
2788,7998
2789,436
2790,6573
2791,2784
2792,2609
2793,2496
2794,8124
2795,3589
2796,4807
2797,5935
2798,8920
2799,1840
2800,2317
2801,2728
2802,4322
2803,2531
2804,5118
2805,8096
2806,4130
2807,933
2808,4004
2809,1780
2810,7667
2811,7112
2812,7563
2813,2216
2814,5447
2815,1154
2816,5952
2817,8989
2818,5106
2819,3126
2820,1898
2821,7992
2822,1052
2823,5321
2824,2019
2825,6483
2826,909
2827,2176
2828,6190
2829,8798
2830,147
2831,8079
2832,7970
2833,1309
2834,9527
2835,1023
2836,8018
2837,2885
2838,6155
2839,385
2840,9019
2841,7690
2842,7662
2843,9160
2844,1833
2845,4103
2846,2453
2847,6814
2848,2165
2849,4577
2850,2914
2851,8709
2852,1422
2853,2673
2854,9868
2855,2255
2856,7555
2857,5993
2858,259
2859,7872
2860,2602
2861,6129
2862,2497
2863,9235
2864,6445
2865,1693
2866,6423
2867,5531
2868,7315
2869,3757
2870,5619
2871,715
2872,8099
2873,4260
2874,8181
2875,7739
2876,9842
2877,1081
2878,1437
2879,1325
2880,6355
2881,2913
2882,9946
2883,8312
2884,5188
2885,1605
2886,7550
2887,3115
2888,329
2889,9520
2890,6262
2891,9695
2892,9277
2893,8974
2894,1250
2895,5409
2896,9138
2897,9866
2898,1266
2899,4206
2900,1179
2901,6873
2902,5313
2903,6141
2904,3940
2905,1662
2906,8029
2907,2443
2908,510
2909,4557
2910,872
2911,5600
2912,4832
2913,3081
2914,590
2915,3634
2916,6677
2917,4047
2918,1280
2919,9008
2920,8924
2921,295
2922,6973
2923,6667
2924,9286
2925,5197
2926,7936
2927,1880
2928,8328
2929,577
2930,7131
2931,677
2932,4258
2933,4393
2934,2708
2935,747
2936,6966
2937,8178
2938,370
2939,7865
2940,5076
2941,7498
2942,8216
2943,9267
2944,9314
2945,7745
2946,880
2947,6468
2948,2488
2949,260
2950,3461
2951,1388
2952,6211
2953,8960
2954,null
2955,5435
2956,7106
2957,53
2958,6543
2959,6393
2960,6298
2961,8265
2962,6404
2963,8293
2964,9904
2965,3934
2966,3046
2967,4639
2968,9793
2969,6299
2970,5990
2971,2095
2972,3009
2973,1958
2974,7963
2975,2079
2976,3718
2977,4526
2978,475
2979,4409
2980,3625
2981,3297
2982,6172
2983,514
2984,9797
2985,7623
2986,6220
2987,6649
2988,9859
2989,9886
2990,4784
2991,6209
2992,9893
2993,4246
2994,7738
2995,3209
2996,9622
2997,130
2998,8976
2999,9715
3000,3253
3001,2183
3002,5639
3003,1263
3004,2113
3005,2239
3006,9136
3007,8999
3008,763
3009,9370
3010,5896
3011,7517
3012,2794
3013,4837
3014,2670
3015,4664
3016,3464
3017,8680
3018,693
3019,2522
3020,3995
3021,9268
3022,7665
3023,3173
3024,8470
3025,1925
3026,543
3027,2120
3028,4675
3029,5535
3030,5889
3031,6847
3032,2259
3033,3622
3034,9883
3035,4972
3036,5336
3037,5067
3038,402
3039,179
3040,904
3041,8945
3042,7593
3043,8654
3044,7583
3045,6103
3046,4
3047,7145
3048,5927
3049,5089
3050,5768
3051,2001
3052,8704
3053,7830
3054,8217
3055,9110
3056,5634
3057,9192
3058,1798
3059,2129
3060,5236
3061,2117
3062,9202
3063,6308
3064,2558
3065,6396
3066,7569
3067,2008
3068,696
3069,8258
3070,3133
3071,9308
3072,7692
3073,7303
3074,4422
3075,2804
3076,7627
3077,6162
3078,8209
3079,6149
3080,8219
3081,3268
3082,2621
3083,1071
3084,3969
3085,4337
3086,4091
3087,1270
3088,8936
3089,1032
3090,2586
3091,9135
3092,262
3093,3261
3094,8796
3095,9917
3096,3960
3097,3222
3098,7458
3099,1038
3100,1029
3101,5602
3102,9253
3103,1135
3104,3763
3105,7053
3106,1012
3107,3212
3108,6608
3109,4134
3110,5454
3111,1491
3112,5100
3113,2092
3114,4072
3115,8080
3116,7857
3117,7701
3118,7326
3119,4375
3120,5138
3121,6029
3122,9453
3123,3566
3124,4858
3125,8332
3126,5378
3127,817
3128,9151
3129,9076
3130,6811
3131,267
3132,4000
3133,4419
3134,232
3135,3305
3136,8809
3137,4805
3138,2562
3139,9060
3140,9194
3141,8025
3142,8158
3143,5390
3144,1077
3145,2782
3146,4233
3147,3539
3148,141
3149,4232
3150,3737
3151,8136
3152,5965
3153,8544
3154,6655
3155,667
3156,7897
3157,908
3158,8033
3159,9323
3160,4398
3161,7266
3162,8579
3163,9291
3164,5591
3165,518
3166,9176
3167,1090
3168,9905
3169,7630
3170,2818
3171,9367
3172,8348
3173,3828
3174,254
3175,7175
3176,8752
3177,2957
3178,4687
3179,5460
3180,null
3181,1753
3182,5587
3183,2853
3184,35
3185,4785
3186,2944
3187,5472
3188,1466
3189,7886
3190,4775
3191,1507
3192,6292
3193,5671
3194,2603
3195,7449
3196,9499
3197,1076
3198,1518
3199,8281
3200,4759
3201,8102
3202,5373
3203,4956
3204,5172
3205,2402
3206,1184
3207,5907
3208,556
3209,7854
3210,8042
3211,5899
3212,9296
3213,1550
3214,1890
3215,1574
3216,4971
3217,4510
3218,240
3219,6945
3220,6240
3221,9823
3222,7233
3223,3438
3224,1205
3225,5481
3226,8521
3227,7253
3228,2869
3229,4100
3230,5817
3231,6438
3232,4116
3233,4936
3234,6552
3235,3632
3236,4181
3237,8074
3238,7991
3239,7316
3240,6259
3241,2493
3242,6021
3243,8932
3244,8271
3245,9254
3246,845
3247,8576
3248,6397
3249,3136
3250,6635
3251,320
3252,3199
3253,732
3254,7589
3255,1217
3256,1705
3257,5584
3258,6374
3259,7920
3260,7796
3261,5458
3262,1123
3263,1808
3264,3386
3265,9124
3266,3143
3267,9873
3268,6068
3269,9388
3270,6309
3271,6800
3272,1636
3273,4540
3274,624
3275,4773
3276,5819
3277,3597
3278,2244
3279,1004
3280,9329
3281,9784
3282,5502
3283,8092
3284,3535
3285,6441
3286,5124
3287,2671
3288,2576
3289,2529
3290,9120
3291,2420
3292,856
3293,3670
3294,203
3295,4940
3296,7711
3297,1544
3298,9419
3299,9026
3300,7323
3301,9707
3302,2541
3303,4788
3304,1796
3305,8242
3306,3119
3307,7825
3308,2591
3309,3852
3310,2827
3311,8862
3312,3398
3313,7296
3314,1887
3315,7784
3316,379
3317,8825
3318,307
3319,1404
3320,275
3321,1976
3322,6601
3323,2442
3324,7742
3325,8474
3326,3673
3327,4022
3328,5683
3329,9167
3330,7347
3331,7262
3332,2379
3333,8279
3334,2584
3335,2392
3336,6579
3337,4948
3338,5111
3339,5479
3340,1252
3341,4604
3342,9225
3343,2272
3344,1142
3345,5283
3346,6038
3347,3127
3348,8463
3349,9590
3350,3992
3351,134
3352,1577
3353,6634
3354,9934
3355,3580
3356,2567
3357,235
3358,6591
3359,1001
3360,1294
3361,3963
3362,4777
3363,8141
3364,8502
3365,3965
3366,4986
3367,5130
3368,9001
3369,2686
3370,5672
3371,8106
3372,1562
3373,9412
3374,8491
3375,250
3376,8616
3377,9009
3378,4744
3379,780
3380,8724
3381,4835
3382,5232
3383,2952
3384,5120
3385,8828
3386,2950
3387,740
3388,3481
3389,3708
3390,3144
3391,5810
3392,3523
3393,6932
3394,4697
3395,2169
3396,3817
3397,4658
3398,2306
3399,7170
3400,6506
3401,4469
3402,95
3403,3114
3404,7424
3405,2315
3406,9313
3407,8655
3408,5548
3409,92
3410,3243
3411,9808
3412,4157
3413,3700
3414,4630
3415,6005
3416,4728
3417,1524
3418,6642
3419,4294
3420,7493
3421,3653
3422,5151
3423,522
3424,3454
3425,801
3426,6215
3427,2908
3428,9573
3429,729
3430,105
3431,2331
3432,4302
3433,5334
3434,3974
3435,5858
3436,9193
3437,2127
3438,3636
3439,4666
3440,9256
3441,423
3442,8849
3443,7688
3444,5205
3445,2749
3446,6713
3447,4868
3448,7533
3449,2498
3450,2523
3451,6006
3452,7661
3453,3322
3454,6930
3455,4647
3456,2649
3457,347
3458,2547
3459,1926
3460,7300
3461,2955
3462,6062
3463,6851
3464,5947
3465,9781
3466,8069
3467,3395
3468,8364
3469,4199
3470,4013
3471,5348
3472,5356
3473,6341
3474,9132
3475,4170
3476,4562
3477,6036
3478,3276
3479,3864
3480,3392
3481,2207
3482,3029
3483,8403
3484,9841
3485,43
3486,6245
3487,2289
3488,8725
3489,4432
3490,438
3491,6001
3492,6192
3493,2631
3494,7469
3495,2447
3496,9011
3497,6138
3498,6559
3499,7104
3500,6798
3501,1132
3502,2514
3503,1915
3504,9031
3505,7064
3506,8613
3507,4941
3508,3924
3509,5042
3510,824
3511,1089
3512,6130
3513,7840
3514,9056
3515,5064
3516,8115
3517,1406
3518,9299
3519,5211
3520,7602
3521,1802
3522,426
3523,2224
3524,9311
3525,1542
3526,4006
3527,3031
3528,2797
3529,4326
3530,3413
3531,176
3532,4472
3533,8867
3534,5971
3535,4317
3536,3802
3537,4025
3538,5785
3539,3397
3540,8740
3541,8541
3542,5145
3543,7241
3544,2197
3545,7537
3546,1268
3547,5756
3548,6940
3549,5212
3550,1653
3551,6203
3552,9542
3553,8588
3554,6651
3555,8387
3556,6658
3557,9658
3558,3850
3559,5635
3560,3219
3561,368
3562,4019
3563,734
3564,6522
3565,7908
3566,3643
3567,1999
3568,456
3569,3545
3570,7494
3571,4077
3572,4758
3573,2687
3574,3563
3575,3844
3576,5960
3577,7697
3578,9981
3579,4066
3580,1813
3581,1013
3582,7065
3583,8524
3584,139
3585,7626
3586,935
3587,9391
3588,7235
3589,886
3590,9867
3591,4998
3592,2820
3593,1679
3594,5936
3595,8259
3596,8109
3597,2588
3598,5263
3599,3758
3600,9163
3601,4543
3602,9187
3603,638
3604,6555
3605,6841
3606,4272
3607,9489
3608,2845
3609,1733
3610,277
3611,1107
3612,5510
3613,5024
3614,9951
3615,3063
3616,9204
3617,3435
3618,8898
3619,3883
3620,2482
3621,1944
3622,2738
3623,4871
3624,8670
3625,7923
3626,4184
3627,2982
3628,8122
3629,6048
3630,2557
3631,9184
3632,7307
3633,8624
3634,9250
3635,4359
3636,8334
3637,7179
3638,2261
3639,3538
3640,1488
3641,9451
3642,2747
3643,6781
3644,9382
3645,6976
3646,9572
3647,4799
3648,9439
3649,9726
3650,5273
3651,2311
3652,8467
3653,159
3654,4225
3655,617
3656,4482
3657,4481
3658,115
3659,772
3660,8276
3661,1146
3662,3486
3663,3574
3664,922
3665,8283
3666,1431
3667,4763
3668,5219
3669,5706
3670,7570
3671,5530
3672,4064
3673,6345
3674,8929
3675,2971
3676,6736
3677,4913
3678,4306
3679,234
3680,6271
3681,1614
3682,5041
3683,7922
3684,5712
3685,3590
3686,4168
3687,5981
3688,9318
3689,4661
3690,2995
3691,3569
3692,6580
3693,9574
3694,5800
3695,1020
3696,8893
3697,6471
3698,6465
3699,2925
3700,1068
3701,1979
3702,890
3703,550
3704,3646
3705,3906
3706,1088
3707,3298
3708,7813
3709,2246
3710,2989
3711,1419
3712,1048
3713,5525
3714,3007
3715,2335
3716,4065
3717,9662
3718,4752
3719,6868
3720,8319
3721,8755
3722,9799
3723,2731
3724,3861
3725,9157
3726,1601
3727,1908
3728,1417
3729,616
3730,4753
3731,6320
3732,8440
3733,6813
3734,4679
3735,5261
3736,1313
3737,8683
3738,7125
3739,2324
3740,233
3741,1540
3742,2346
3743,3762
3744,599
3745,6561
3746,5333
3747,5616
3748,8550
3749,9473
3750,4020
3751,1681
3752,5228
3753,2367
3754,720
3755,3311
3756,8492
3757,9826
3758,5421
3759,178
3760,8627
3761,8844
3762,6076
3763,4978
3764,8186
3765,1677
3766,1934
3767,9441
3768,8050
3769,7993
3770,9145
3771,8879
3772,7543
3773,2075
3774,4575
3775,4823
3776,8940
3777,3717
3778,4656
3779,6234
3780,1869
3781,8086
3782,3978
3783,488
3784,6749
3785,9447
3786,9944
3787,5794
3788,2119
3789,9331
3790,621
3791,5381
3792,4145
3793,5185
3794,7765
3795,9284
3796,3052
3797,5944
3798,3225
3799,6156
3800,977
3801,3941
3802,4268
3803,5924
3804,6350
3805,2962
3806,1773
3807,4891
3808,3362
3809,998
3810,9968
3811,3777
3812,3293
3813,7383
3814,4855
3815,4735
3816,9468
3817,2644
3818,2166
3819,5900
3820,6659
3821,2069
3822,2719
3823,175
3824,286
3825,3821
3826,1379
3827,2935
3828,4313
3829,3738
3830,9075
3831,6952
3832,2478
3833,8997
3834,7848
3835,750
3836,3214
3837,5238
3838,1316
3839,9227
3840,2821
3841,3354
3842,8679
3843,2446
3844,8333
3845,9492
3846,8376
3847,6501
3848,8172
3849,1967
3850,8459
3851,2996
3852,2900
3853,3342
3854,4883
3855,2021
3856,7864
3857,8361
3858,737
3859,8071
3860,8957
3861,4476
3862,4321
3863,9631
3864,9414
3865,5445
3866,4524
3867,7001
3868,1287
3869,7896
3870,8795
3871,4789
3872,3431
3873,4637
3874,4179
3875,6941
3876,1386
3877,5081
3878,2472
3879,1097
3880,9358
3881,136
3882,686
3883,263
3884,7117
3885,9938
3886,683
3887,8379
3888,4043
3889,6368
3890,5780
3891,923
3892,7447
3893,4916
3894,2425
3895,4142
3896,5370
3897,3782
3898,4586
3899,1867
3900,378
3901,6275
3902,1103
3903,4729
3904,6964
3905,7632
3906,8558
3907,4570
3908,9170
3909,6990
3910,8318
3911,8614
3912,1563
3913,5652
3914,2466
3915,1660
3916,6857
3917,8251
3918,9892
3919,7422
3920,507
3921,2759
3922,1729
3923,6744
3924,6997
3925,1736
3926,7586
3927,3404
3928,6124
3929,2116
3930,6013
3931,9634
3932,9409
3933,1584
3934,6570
3935,1607
3936,21
3937,4172
3938,9100
3939,1168
3940,3894
3941,3920
3942,7821
3943,1148
3944,7708
3945,6840
3946,7710
3947,7058
3948,8610
3949,8891
3950,2251
3951,7313
3952,9266
3953,3483
3954,7230
3955,3110
3956,8430
3957,6244
3958,1697
3959,9565
3960,9618
3961,8111
3962,3078
3963,7916
3964,1332
3965,8988
3966,3641
3967,4340
3968,4058
3969,3344
3970,1191
3971,6276
3972,963
3973,3086
3974,9333
3975,7948
3976,9884
3977,8320
3978,5413
3979,7289
3980,4215
3981,7874
3982,2623
3983,4989
3984,2637
3985,8409
3986,4039
3987,7622
3988,8400
3989,9545
3990,9273
3991,7456
3992,7553
3993,9073
3994,2746
3995,585
3996,5108
3997,1121
3998,4979
3999,5651
4000,271
4001,6008
4002,9476
4003,4569
4004,8750
4005,5442
4006,4132
4007,5331
4008,6288
4009,4167
4010,9195
4011,2871
4012,8778
4013,2903
4014,9305
4015,4138
4016,1801
4017,6707
4018,6383
4019,8764
4020,2732
4021,2766
4022,9038
4023,1532
4024,8768
4025,9445
4026,9292
4027,3192
4028,7377
4029,2990
4030,8652
4031,7568
4032,6881
4033,5399
4034,9952
4035,4738
4036,4818
4037,7554
4038,9102
4039,5446
4040,654
4041,8766
4042,6826
4043,3725
4044,4369
4045,1647
4046,6078
4047,1094
4048,594
4049,9929
4050,5050
4051,2505
4052,7099
4053,4538
4054,8955
4055,9139
4056,4612
4057,1198
4058,8393
4059,5694
4060,8632
4061,8754
4062,2612
4063,2806
4064,5262
4065,784
4066,982
4067,743
4068,1078
4069,3424
4070,5729
4071,992
4072,6567
4073,7723
4074,3345
4075,7541
4076,2917
4077,8573
4078,8635
4079,8481
4080,9211
4081,9210
4082,7167
4083,3912
4084,4394
4085,1192
4086,2387
4087,9039
4088,4087
4089,4171
4090,9369
4091,425
4092,1910
4093,1892
4094,281
4095,1137
4096,1712
4097,5893
4098,8060
4099,5385
4100,3429
4101,8846
4102,4838
4103,6743
4104,5115
4105,6510
4106,3058
4107,3877
4108,8648
4109,6673
4110,6357
4111,8552
4112,3703
4113,9303
4114,3521
4115,3748
4116,5209
4117,7643
4118,5342
4119,1742
4120,8967
4121,8699
4122,1986
4123,9030
4124,2017
4125,6710
4126,8413
4127,3921
4128,7819
4129,7700
4130,3797
4131,3637
4132,5673
4133,929
4134,6272
4135,9013
4136,6304
4137,1597
4138,6566
4139,9304
4140,6476
4141,2277
4142,9317
4143,9474
4144,4765
4145,5281
4146,7158
4147,9114
4148,322
4149,9425
4150,5630
4151,4547
4152,8958
4153,5626
4154,1410
4155,3279
4156,8220
4157,3016
4158,9725
4159,6219
4160,9881
4161,5128
4162,8562
4163,9484
4164,479
4165,6525
4166,8919
4167,6636
4168,4197
4169,5657
4170,9965
4171,2954
4172,1832
4173,980
4174,2739
4175,2192
4176,7883
4177,8367
4178,2204
4179,6316
4180,8083
4181,2855
4182,981
4183,5564
4184,1545
4185,2773
4186,3216
4187,3858
4188,4987
4189,6756
4190,1918
4191,3402
4192,779
4193,3447
4194,2060
4195,6618
4196,859
4197,5258
4198,6437
4199,4475
4200,3185
4201,2090
4202,2341
4203,9129
4204,7207
4205,5173
4206,5610
4207,9107
4208,2421
4209,5905
4210,2645
4211,494
4212,9557
4213,2975
4214,2639
4215,4461
4216,3232
4217,9950
4218,644
4219,9012
4220,7836
4221,8357
4222,8520
4223,7070
4224,5686
4225,6175
4226,4407
4227,5202
4228,2722
4229,6622
4230,7687
4231,7536
4232,128
4233,7596
4234,665
4235,2596
4236,5179
4237,9349
4238,7639
4239,1381
4240,7844
4241,2440
4242,3147
4243,4833
4244,2726
4245,9718
4246,793
4247,452
4248,8899
4249,6842
4250,3930
4251,3391
4252,4381
4253,107
4254,3954
4255,738
4256,9521
4257,4716
4258,6554
4259,9396
4260,6416
4261,702
4262,486
4263,2698
4264,5121
4265,5265
4266,7496
4267,1149
4268,2958
4269,2887
4270,3702
4271,9575
4272,4820
4273,1202
4274,1341
4275,9354
4276,6360
4277,5871
4278,228
4279,1891
4280,7481
4281,165
4282,6516
4283,9519
4284,302
4285,2104
4286,1580
4287,6740
4288,984
4289,5569
4290,9553
4291,2422
4292,5917
4293,2799
4294,2122
4295,7329
4296,5669
4297,7716
4298,3001
4299,3548
4300,8140
4301,328
4302,8908
4303,3585
4304,6528
4305,6832
4306,6702
4307,940
4308,3561
4309,9536
4310,4357
4311,951
4312,5285
4313,7904
4314,114
4315,5559
4316,6785
4317,7392
4318,8447
4319,7436
4320,4160
4321,5293
4322,1350
4323,3664
4324,4950
4325,9652
4326,2692
4327,8049
4328,7561
4329,1581
4330,4037
4331,2918
4332,1311
4333,8204
4334,975
4335,6181
4336,8358
4337,4331
4338,7311
4339,1091
4340,8434
4341,2037
4342,9549
4343,7352
4344,6733
4345,608
4346,4893
4347,6450
4348,1074
4349,5912
4350,9640
4351,5004
4352,5599
4353,5218
4354,5256
4355,4553
4356,3015
4357,1312
4358,9243
4359,4283
4360,9442
4361,8098
4362,1139
4363,9918
4364,1147
4365,6131
4366,9125
4367,5455
4368,5603
4369,718
4370,5131
4371,5046
4372,8543
4373,4954
4374,5044
4375,8909
4376,9982
4377,272
4378,8983
4379,8791
4380,3735
4381,3104
4382,7399
4383,5070
4384,6081
4385,4361
4386,7439
4387,4865
4388,5781
4389,3602
4390,4509
4391,1665
4392,9943
4393,3097
4394,7964
4395,627
4396,5787
4397,366
4398,4922
4399,4429
4400,6391
4401,7877
4402,9263
4403,836
4404,6761
4405,2648
4406,8425
4407,2140
4408,9762
4409,4726
4410,7330
4411,2456
4412,7921
4413,5880
4414,1630
4415,2565
4416,9418
4417,4962
4418,9811
4419,284
4420,3449
4421,1639
4422,2921
4423,4192
4424,1269
4425,711
4426,9199
4427,1561
4428,2999
4429,8433
4430,3613
4431,5755
4432,1364
4433,3668
4434,5656
4435,7793
4436,9061
4437,6993
4438,2486
4439,8456
4440,3457
4441,5967
4442,1959
4443,5327
4444,6980
4445,149
4446,5459
4447,395
4448,6137
4449,3736
4450,5845
4451,5998
4452,420
4453,4423
4454,7022
4455,742
4456,8835
4457,895
4458,6907
4459,8277
4460,1279
4461,4371
4462,2911
4463,6587
4464,9083
4465,5341
4466,5270
4467,9231
4468,4137
4469,5647
4470,3306
4471,8180
4472,4256
4473,3116
4474,2048
4475,54
4476,1054
4477,6227
4478,4144
4479,5335
4480,4745
4481,4794
4482,3309
4483,5239
4484,4395
4485,9140
4486,2803
4487,8889
4488,6544
4489,7628
4490,109
4491,8590
4492,4207
4493,3417
4494,3989
4495,3947
4496,1236
4497,3125
4498,4243
4499,7945
4500,9937
4501,6819
4502,7750
4503,2764
4504,8756
4505,7205
4506,2278
4507,8817
4508,9696
4509,7887
4510,9605
4511,8012
4512,1641
4513,7360
4514,1057
4515,6576
4516,2873
4517,3205
4518,1579
4519,2139
4520,9098
4521,6705
4522,2400
4523,7858
4524,4635
4525,4909
4526,6176
4527,9255
4528,9554
4529,1943
4530,9767
4531,1809
4532,1874
4533,1000
4534,1039
4535,3061
4536,9448
4537,71
4538,6652
4539,9336
4540,1951
4541,2729
4542,3385
4543,8215
4544,6517
4545,2383
4546,5868
4547,4363
4548,6145
4549,6747
4550,6527
4551,2172
4552,6719
4553,6626
4554,5829
4555,7597
4556,2867
4557,4051
4558,2339
4559,3037
4560,108
4561,2709
4562,7314
4563,7866
4564,2994
4565,5864
4566,6226
4567,2506
4568,7546
4569,4841
4570,603
4571,2836
4572,618
4573,3840
4574,2144
4575,6560
4576,1221
4577,7969
4578,226
4579,3376
4580,7476
4581,5842
4582,6526
4583,83
4584,7408
4585,6424
4586,1402
4587,435
4588,2789
4589,5542
4590,33
4591,9954
4592,2052
4593,9344
4594,2564
4595,4623
4596,4812
4597,8744
4598,592
4599,7298
4600,9809
4601,485
4602,9109
4603,6535
4604,3036
4605,2355
4606,8001
4607,9401
4608,8461
4609,8765
4610,1122
4611,7445
4612,2377
4613,11
4614,4353
4615,8980
4616,5376
4617,6726
4618,2515
4619,8475
4620,2258
4621,7297
4622,6741
4623,1631
4624,1197
4625,4501
4626,223
4627,6197
4628,5091
4629,7989
4630,1383
4631,9857
4632,663
4633,868
4634,2145
4635,5025
4636,9925
4637,9785
4638,1243
4639,3148
4640,6399
4641,3183
4642,3550
4643,1096
4644,2499
4645,2057
4646,9148
4647,9998
4648,7764
4649,8288
4650,6661
4651,788
4652,5468
4653,3529
4654,1963
4655,8381
4656,8036
4657,7100
4658,4439
4659,4120
4660,9095
4661,3442
4662,2407
4663,6767
4664,5448
4665,546
4666,2220
4667,7438
4668,7810
4669,199
4670,7511
4671,2643
4672,9232
4673,4573
4674,1821
4675,843
4676,5978
4677,6925
4678,9371
4679,802
4680,2509
4681,3909
4682,9101
4683,2469
4684,84
4685,8747
4686,5999
4687,5144
4688,3421
4689,860
4690,545
4691,8477
4692,1368
4693,8714
4694,8371
4695,1215
4696,2353
4697,9417
4698,4264
4699,7183
4700,5079
4701,6748
4702,2177
4703,290
4704,1308
4705,3059
4706,2614
4707,1455
4708,1413
4709,2388
4710,1610
4711,5875
4712,6097
4713,2616
4714,1899
4715,3688
4716,443
4717,3416
4718,816
4719,2371
4720,3987
4721,8398
4722,400
4723,9941
4724,3134
4725,278
4726,706
4727,1812
4728,4953
4729,2362
4730,1522
4731,7176
4732,3400
4733,9189
4734,7979
4735,3242
4736,2125
4737,3874
4738,5605
4739,6314
4740,6312
4741,1852
4742,7049
4743,9079
4744,1748
4745,1789
4746,7779
4747,9365
4748,7074
4749,3796
4750,5689
4751,1553
4752,8055
4753,3303
4754,9630
4755,1644
4756,3827
4757,4052
4758,6831
4759,288
4760,753
4761,1637
4762,6349
4763,8488
4764,1467
4765,427
4766,879
4767,1921
4768,1067
4769,4736
4770,4597
4771,1853
4772,1041
4773,555
4774,7634
4775,631
4776,6992
4777,6534
4778,1725
4779,7731
4780,3465
4781,4530
4782,3152
4783,5931
4784,4453
4785,7222
4786,5897
4787,2678
4788,7515
4789,4561
4790,2228
4791,5063
4792,3815
4793,8004
4794,3855
4795,2376
4796,4030
4797,414
4798,9615
4799,9034
4800,2658
4801,7252
4802,3239
4803,9921
4804,1618
4805,2521
4806,7902
4807,3983
4808,7238
4809,2815
4810,4582
4811,9236
4812,1238
4813,2752
4814,7324
4815,8834
4816,2316
4817,1707
4818,6208
4819,1324
4820,9324
4821,270
4822,805
4823,5319
4824,3247
4825,9870
4826,8057
4827,5749
4828,415
4829,6069
4830,4143
4831,7154
4832,9054
4833,1907
4834,6022
4835,6427
4836,8191
4837,2451
4838,9069
4839,6093
4840,5731
4841,6828
4842,8665
4843,5782
4844,5171
4845,1593
4846,5168
4847,9990
4848,6666
4849,8612
4850,7925
4851,292
4852,8498
4853,6110
4854,6766
4855,4548
4856,7211
4857,9274
4858,4963
4859,4937
4860,863
4861,9776
4862,7321
4863,7824
4864,7443
4865,765
4866,7068
4867,1343
4868,1695
4869,5983
4870,1433
4871,1342
4872,8696
4873,3471
4874,7102
4875,3675
4876,9158
4877,4695
4878,2902
4879,335
4880,700
4881,2711
4882,7440
4883,4262
4884,5449
4885,2054
4886,2536
4887,6139
4888,4219
4889,9534
4890,725
4891,7002
4892,604
4893,166
4894,7474
4895,3082
4896,4579
4897,9714
4898,8228
4899,447
4900,5985
4901,3657
4902,6550
4903,118
4904,6263
4905,5361
4906,1675
4907,8063
4908,7664
4909,8937
4910,4370
4911,4023
4912,8179
4913,8410
4914,3518
4915,6991
4916,8732
4917,405
4918,3829
4919,9458
4920,7650
4921,6213
4922,7540
4923,777
4924,7842
4925,6014
4926,8193
4927,1418
4928,4293
4929,8229
4930,8144
4931,7646
4932,6474
4933,6369
4934,2793
4935,4418
4936,7340
4937,2492
4938,547
4939,9813
4940,1766
4941,6095
4942,8715
4943,2414
4944,3411
4945,9251
4946,7983
4947,8788
4948,4924
4949,6730
4950,6064
4951,5757
4952,2378
4953,4689
4954,6640
4955,5316
4956,2412
4957,null
4958,4610
4959,5198
4960,4074
4961,2740
4962,2560
4963,8007
4964,1008
4965,8621
4966,3813
4967,6597
4968,7123
4969,4525
4970,6816
4971,7577
4972,4581
4973,2715
4974,4034
4975,7699
4976,7139
4977,1144
4978,7790
4979,8490
4980,6672
4981,352
4982,6738
4983,247
4984,8559
4985,7109
4986,2360
4987,5085
4988,9988
4989,5922
4990,1056
4991,3534
4992,6532
4993,8480
4994,1025
4995,9722
4996,5402
4997,2062
4998,5033
4999,4177
5000,6792
5001,3789
5002,8201
5003,6351
5004,2796
5005,5136
5006,6431
5007,3374
5008,3910
5009,3751
5010,1143
5011,1676
5012,1717
5013,4870
5014,2894
5015,2363
5016,5324
5017,5418
5018,5934
5019,164
5020,7876
5021,6440
5022,506
5023,2083
5024,5002
5025,1241
5026,7028
5027,5688
5028,7645
5029,5793
5030,1434
5031,1765
5032,2851
5033,4802
5034,6435
5035,8566
5036,5515
5037,6797
5038,3077
5039,6015
5040,8026
5041,200
5042,1863
5043,1267
5044,7351
5045,8785
5046,2882
5047,1401
5048,4821
5049,2413
5050,2307
5051,3848
5052,708
5053,5282
5054,5629
5055,6090
5056,3957
5057,6771
5058,7240
5059,8501
5060,3544
5061,2927
5062,5009
5063,8205
5064,6623
5065,9992
5066,1569
5067,9316
5068,1439
5069,5204
5070,4203
5071,3962
5072,3161
5073,932
5074,9923
5075,1336
5076,9916
5077,6611
5078,1726
5079,4704
5080,4441
5081,9093
5082,3329
5083,4486
5084,3889
5085,6332
5086,5054
5087,1051
5088,2579
5089,2154
5090,3896
5091,9327
5092,8694
5093,8303
5094,2043
5095,5532
5096,6109
5097,7328
5098,5851
5099,9621
5100,8876
5101,6943
5102,5904
5103,2685
5104,4774
5105,4731
5106,1994
5107,9721
5108,4028
5109,1259
5110,5426
5111,9754
5112,4626
5113,8731
5114,1225
5115,2753
5116,1848
5117,1426
5118,7585
5119,558
5120,9161
5121,4844
5122,8133
5123,9760
5124,2296
5125,3210
5126,5400
5127,3080
5128,1516
5129,7761
5130,2884
5131,1608
5132,7471
5133,9556
5134,3659
5135,6551
5136,6325
5137,4008
5138,5576
5139,4544
5140,467
5141,8856
5142,8224
5143,5696
5144,5051
5145,7173
5146,6972
5147,9429
5148,4067
5149,8329
5150,3678
5151,635
5152,8946
5153,229
5154,6962
5155,6524
5156,2667
5157,6058
5158,4722
5159,9222
5160,5457
5161,6115
5162,9027
5163,2629
5164,9108
5165,1623
5166,7036
5167,5190
5168,7959
5169,3291
5170,5306
5171,4898
5172,7004
5173,2036
5174,530
5175,3064
5176,8687
5177,3375
5178,391
5179,6430
5180,42
5181,3898
5182,2610
5183,5184
5184,3970
5185,5217
5186,3347
5187,5383
5188,7499
5189,792
5190,3159
5191,4780
5192,2222
5193,5901
5194,5764
5195,3123
5196,7576
5197,5235
5198,6604
5199,9972
5200,1352
5201,1411
5202,4390
5203,4867
5204,7357
5205,2457
5206,2539
5207,7152
5208,3573
5209,2991
5210,7320
5211,666
5212,8972
5213,2018
5214,8589
5215,6251
5216,1670
5217,5214
5218,2115
5219,7751
5220,8805
5221,7926
5222,9240
5223,9127
5224,93
5225,8604
5226,1981
5227,8734
5228,1036
5229,1153
5230,2924
5231,593
5232,7863
5233,3839
5234,3741
5235,4334
5236,1102
5237,8712
5238,4850
5239,576
5240,4175
5241,2267
5242,8037
5243,3264
5244,8676
5245,6687
5246,3650
5247,9326
5248,6603
5249,5878
5250,3378
5251,2327
5252,7245
5253,8813
5254,2130
5255,5777
5256,388
5257,6963
5258,2659
5259,3610
5260,6625
5261,1206
5262,3246
5263,8048
5264,110
5265,3897
5266,1473
5267,1281
5268,3028
5269,7559
5270,709
5271,7527
5272,7985
5273,559
5274,6929
5275,148
5276,960
5277,5902
5278,2524
5279,9294
5280,3256
5281,3024
5282,2704
5283,5595
5284,6727
5285,5745
5286,2284
5287,7741
5288,2199
5289,7135
5290,7119
5291,9927
5292,4505
5293,519
5294,8235
5295,2418
5296,5752
5297,1961
5298,1005
5299,1559
5300,4188
5301,2677
5302,8244
5303,7933
5304,5153
5305,7542
5306,6902
5307,3571
5308,9205
5309,1176
5310,7464
5311,2033
5312,4446
5313,5240
5314,4458
5315,2235
5316,1655
5317,7350
5318,9989
5319,9103
5320,96
5321,1164
5322,3357
5323,1375
5324,1851
5325,205
5326,2147
5327,2105
5328,8152
5329,3068
5330,1606
5331,7148
5332,3926
5333,832
5334,8934
5335,3366
5336,4730
5337,9511
5338,4572
5339,3213
5340,3943
5341,8445
5342,3003
5343,8542
5344,4288
5345,3155
5346,6481
5347,6303
5348,4554
5349,341
5350,4725
5351,1007
5352,5194
5353,3221
5354,3869
5355,8289
5356,2783
5357,2118
5358,798
5359,9165
5360,9745
5361,1487
5362,1828
5363,5796
5364,7579
5365,3496
5366,9675
5367,3628
5368,636
5369,1260
5370,4007
5371,6152
5372,1111
5373,3756
5374,9374
5375,7986
5376,5206
5377,6715
5378,6202
5379,5039
5380,1896
5381,9347
5382,587
5383,25
5384,3006
5385,5992
5386,8842
5387,7801
5388,3967
5389,1512
5390,6958
5391,482
5392,1535
5393,9734
5394,756
5395,9217
5396,1318
5397,5612
5398,7232
5399,23
5400,563
5401,9750
5402,7385
5403,2417
5404,5552
5405,2071
5406,1611
5407,7698
5408,8511
5409,5980
5410,6080
5411,1242
5412,7965
5413,5520
5414,2791
5415,8390
5416,1663
5417,4320
5418,6937
5419,2171
5420,1228
5421,7726
5422,9860
5423,7783
5424,8598
5425,2626
5426,9955
5427,6153
5428,9887
5429,6682
5430,9692
5431,2157
5432,6301
5433,253
5434,974
5435,4624
5436,7915
5437,554
5438,7961
5439,2589
5440,2372
5441,8762
5442,4304
5443,5237
5444,1686
5445,7614
5446,7587
5447,1871
5448,9282
5449,3275
5450,194
5451,7250
5452,7766
5453,4218
5454,9737
5455,1227
5456,3202
5457,9874
5458,5023
5459,5201
5460,629
5461,4307
5462,4902
5463,1648
5464,6750
5465,757
5466,309
5467,8396
5468,3913
5469,7044
5470,6662
5471,4616
5472,2049
5473,4032
5474,9185
5475,2590
5476,9345
5477,4751
5478,9312
5479,4242
5480,2188
5481,2775
5482,2570
5483,6247
5484,6046
5485,256
5486,7116
5487,9693
5488,9728
5489,3021
5490,9446
5491,4497
5492,8022
5493,1696
5494,5682
5495,5058
5496,7346
5497,3325
5498,51
5499,2479
5500,5363
5501,8103
5502,4529
5503,888
5504,9438
5505,660
5506,4133
5507,4391
5508,8101
5509,513
5510,2657
5511,138
5512,4633
5513,6497
5514,1791
5515,8705
5516,7514
5517,4654
5518,177
5519,2163
5520,1254
5521,6987
5522,4694
5523,4880
5524,1100
5525,881
5526,8147
5527,4995
5528,6455
5529,9660
5530,2432
5531,4798
5532,1115
5533,8733
5534,3759
5535,4412
5536,2771
5537,9539
5538,6845
5539,8453
5540,4958
5541,8419
5542,5247
5543,429
5544,689
5545,7056
5546,9190
5547,6478
5548,4362
5549,5309
5550,7174
5551,7063
5552,9697
5553,6460
5554,1299
5555,7169
5556,8954
5557,7090
5558,4879
5559,5633
5560,5398
5561,8548
5562,1590
5563,3524
5564,212
5565,1621
5566,9500
5567,1486
5568,9646
5569,6647
5570,3843
5571,9681
5572,140
5573,7309
5574,3656
5575,2906
5576,5245
5577,924
5578,5440
5579,3833
5580,9309
5581,355
5582,835
5583,6193
5584,1185
5585,9529
5586,17
5587,8156
5588,9486
5589,8040
5590,9619
5591,2310
5592,7237
5593,4584
5594,1092
5595,6856
5596,9656
5597,2500
5598,5026
5599,2164
5600,2595
5601,610
5602,3671
5603,5962
5604,9122
5605,2502
5606,5906
5607,2352
5608,4595
5609,9247
5610,195
5611,9798
5612,3390
5613,38
5614,9817
5615,6045
5616,8800
5617,4500
5618,4280
5619,7098
5620,4397
5621,5157
5622,1775
5623,1935
5624,3572
5625,6330
5626,8335
5627,5939
5628,9488
5629,5849
5630,7247
5631,255
5632,1747
5633,6812
5634,2321
5635,537
5636,7772
5637,6897
5638,8938
5639,3175
5640,4443
5641,7129
5642,237
5643,158
5644,1462
5645,2660
5646,6493
5647,837
5648,7272
5649,3734
5650,4366
5651,2856
5652,1552
5653,4220
5654,9897
5655,9373
5656,4323
5657,2527
5658,9852
5659,3140
5660,156
5661,9746
5662,5161
5663,4840
5664,1291
5665,969
5666,8935
5667,6087
5668,1450
5669,4263
5670,4545
5671,825
5672,2323
5673,8536
5674,6536
5675,8977
5676,1053
5677,2676
5678,5549
5679,6293
5680,9117
5681,9078
5682,3407
5683,3587
5684,9890
5685,2452
5686,7111
5687,5684
5688,6664
5689,8165
5690,4532
5691,8801
5692,4976
5693,8608
5694,7101
5695,3132
5696,2029
5697,8669
5698,2461
5699,6295
5700,8637
5701,8962
5702,9028
5703,9902
5704,1157
5705,446
5706,3537
5707,3742
5708,1591
5709,8044
5710,9757
5711,6732
5712,9567
5713,3160
5714,6340
5715,2080
5716,8260
5717,3493
5718,3981
5719,7846
5720,8557
5721,5604
5722,7257
5723,8234
5724,3184
5725,4504
5726,9230
5727,2201
5728,7236
5729,2597
5730,293
5731,2419
5732,1950
5733,1112
5734,6352
5735,5300
5736,5272
5737,6339
5738,7712
5739,8337
5740,1928
5741,9530
5742,69
5743,2923
5744,9070
5745,1872
5746,1502
5747,1340
5748,865
5749,80
5750,6935
5751,8406
5752,3025
5753,642
5754,6700
5755,7600
5756,8384
5757,6375
5758,1072
5759,448
5760,1703
5761,7423
5762,4955
5763,609
5764,9684
5765,4111
5766,6037
5767,525
5768,1632
5769,7822
5770,5345
5771,1133
5772,8622
5773,1210
5774,2096
5775,2141
5776,1447
5777,5329
5778,1496
5779,9993
5780,7919
5781,3283
5782,808
5783,2948
5784,3023
5785,851
5786,9115
5787,7655
5788,4169
5789,495
5790,3540
5791,8830
5792,681
5793,5534
5794,1672
5795,8307
5796,70
5797,925
5798,3771
5799,3966
5800,7788
5801,9332
5802,7510
5803,2718
5804,4411
5805,4464
5806,9293
5807,2866
5808,5723
5809,6035
5810,8840
5811,367
5812,5717
5813,7281
5814,3648
5815,9959
5816,571
5817,2735
5818,9915
5819,9379
5820,7490
5821,8838
5822,2024
5823,4627
5824,6389
5825,7833
5826,8030
5827,9356
5828,7778
5829,7853
5830,3696
5831,4860
5832,7468
5833,1701
5834,4230
5835,7259
5836,8043
5837,6184
5838,5943
5839,6614
5840,1811
5841,2161
5842,6028
5843,9528
5844,361
5845,2618
5846,4136
5847,1870
5848,9359
5849,8432
5850,1480
5851,5915
5852,5665
5853,6709
5854,8931
5855,5419
5856,4981
5857,6258
5858,8787
5859,3768
5860,2431
5861,9498
5862,9936
5863,900
5864,4643
5865,1917
5866,6938
5867,8227
5868,6871
5869,1694
5870,5700
5871,9624
5872,3343
5873,2826
5874,601
5875,9780
5876,191
5877,9885
5878,6533
5879,3332
5880,8056
5881,6371
5882,1995
5883,7282
5884,5298
5885,5554
5886,8247
5887,955
5888,6801
5889,9833
5890,4119
5891,7954
5892,5638
5893,8901
5894,1888
5895,674
5896,9020
5897,6609
5898,4896
5899,9126
5900,9469
5901,5613
5902,7196
5903,2481
5904,3689
5905,5134
5906,4212
5907,7704
5908,72
5909,3300
5910,261
5911,5721
5912,9947
5913,1459
5914,1382
5915,4806
5916,8850
5917,9330
5918,2151
5919,6198
5920,6057
5921,9090
5922,7291
5923,2460
5924,7073
5925,9463
5926,3863
5927,7486
5928,7369
5929,103
5930,1028
5931,8578
5932,595
5933,8284
5934,9540
5935,3583
5936,2320
5937,50
5938,6557
5939,8120
5940,8917
5941,5586
5942,4717
5943,3793
5944,4355
5945,8104
5946,1939
5947,3013
5948,2230
5949,2763
5950,7867
5951,9531
5952,498
5953,3860
5954,4691
5955,8153
5956,454
5957,3171
5958,3278
5959,2607
5960,5523
5961,3381
5962,4772
5963,2266
5964,8218
5965,5126
5966,2617
5967,5003
5968,5693
5969,6678
5970,125
5971,8195
5972,6364
5973,1843
5974,849
5975,7177
5976,162
5977,3651
5978,3428
5979,979
5980,9838
5981,6865
5982,9674
5983,416
5984,6452
5985,8476
5986,5436
5987,4932
5988,8119
5989,8525
5990,8117
5991,4270
5992,1130
5993,5720
5994,920
5995,5881
5996,5946
5997,6909
5998,9089
5999,6061
6000,9971
6001,4882
6002,3945
6003,3581
6004,1161
6005,8814
6006,276
6007,9595
6008,1772
6009,4967
6010,2328
6011,5296
6012,7142
6013,3026
6014,3956
6015,8530
6016,5879
6017,7722
6018,9041
6019,1463
6020,1310
6021,1187
6022,7556
6023,5493
6024,8300
6025,6905
6026,6592
6027,7940
6028,6425
6029,5566
6030,6977
6031,8170
6032,8682
6033,1745
6034,161
6035,1527
6036,6413
6037,7734
6038,5516
6039,3723
6040,4468
6041,8595
6042,4048
6043,8673
6044,6903
6045,5386
6046,47
6047,9174
6048,1114
6049,2142
6050,3440
6051,4162
6052,5840
6053,1460
6054,2168
6055,9428
6056,6449
6057,3568
6058,3
6059,6582
6060,4842
6061,5260
6062,7416
6063,5664
6064,2415
6065,2787
6066,653
6067,5926
6068,1971
6069,189
6070,4910
6071,6194
6072,6347
6073,7213
6074,8145
6075,8662
6076,3845
6077,8861
6078,754
6079,7717
6080,9928
6081,3360
6082,7162
6083,7756
6084,3606
6085,9825
6086,8860
6087,5034
6088,1767
6089,4890
6090,1603
6091,4113
6092,5278
6093,6600
6094,9094
6095,2397
6096,1560
6097,8167
6098,2598
6099,688
6100,5594
6101,2535
6102,3619
6103,5474
6104,1101
6105,197
6106,8032
6107,1602
6108,6804
6109,8373
6110,917
6111,2979
6112,7308
6113,1232
6114,1499
6115,8951
6116,4945
6117,7382
6118,9328
6119,8626
6120,55
6121,5623
6122,4944
6123,9810
6124,6229
6125,9050
6126,7462
6127,2705
6128,7164
6129,4764
6130,7598
6131,7968
6132,4776
6133,2076
6134,4009
6135,943
6136,126
6137,4046
6138,2756
6139,8771
6140,9164
6141,6717
6142,5798
6143,8953
6144,4822
6145,113
6146,8375
6147,3831
6148,9456
6149,3669
6150,6714
6151,2542
6152,8035
6153,8982
6154,4791
6155,2322
6156,5073
6157,7981
6158,9588
6159,2613
6160,1095
6161,4602
6162,7513
6163,9806
6164,1178
6165,5412
6166,9591
6167,5988
6168,7621
6169,9395
6170,4907
6171,6034
6172,2552
6173,4150
6174,6188
6175,7394
6176,6268
6177,8601
6178,5223
6179,8848
6180,858
6181,9276
6182,7657
6183,6233
6184,1359
6185,1307
6186,9877
6187,9876
6188,487
6189,2832
6190,1175
6191,4797
6192,7749
6193,3888
6194,4659
6195,5417
6196,1901
6197,3408
6198,8905
6199,5592
6200,1508
6201,8686
6202,4621
6203,9769
6204,8571
6205,437
6206,3824
6207,9501
6208,6565
6209,4843
6210,9112
6211,2059
6212,401
6213,8897
6214,2553
6215,63
6216,3387
6217,4917
6218,5655
6219,1062
6220,9739
6221,49
6222,8006
6223,500
6224,5466
6225,5818
6226,6485
6227,4622
6228,7428
6229,4377
6230,2256
6231,4152
6232,4227
6233,2696
6234,775
6235,5432
6236,5028
6237,5791
6238,6066
6239,6688
6240,2483
6241,5528
6242,6546
6243,3560
6244,5617
6245,196
6246,1377
6247,1477
6248,6509
6249,3810
6250,6486
6251,106
6252,762
6253,7489
6254,439
6255,6111
6256,3915
6257,1985
6258,6000
6259,9709
6260,7995
6261,7611
6262,3542
6263,6378
6264,8690
6265,3099
6266,4238
6267,9003
6268,1366
6269,4926
6270,1017
6271,4787
6272,8858
6273,2892
6274,7523
6275,7971
6276,8719
6277,6071
6278,5702
6279,2205
6280,7724
6281,5015
6282,6923
6283,4603
6284,7753
6285,6670
6286,1347
6287,9665
6288,5498
6289,9830
6290,9655
6291,4328
6292,7803
6293,8564
6294,8585
6295,7522
6296,7635
6297,5268
6298,942
6299,6447
6300,3418
6301,4620
6302,7978
6303,2025
6304,220
6305,6838
6306,7580
6307,5609
6308,6574
6309,1177
6310,6790
6311,540
6312,4292
6313,8212
6314,7432
6315,8505
6316,1957
6317,4415
6318,9435
6319,669
6320,7798
6321,6408
6322,3326
6323,7143
6324,6671
6325,6900
6326,6274
6327,2252
6328,8
6329,440
6330,5127
6331,4122
6332,9642
6333,7023
6334,5175
6335,4388
6336,6214
6337,3130
6338,321
6339,9464
6340,9942
6341,7682
6342,9671
6343,4927
6344,6150
6345,8949
6346,773
6347,1836
6348,6695
6349,8495
6350,5489
6351,4070
6352,3272
6353,4059
6354,830
6355,1403
6356,1876
6357,7637
6358,1572
6359,5577
6360,1456
6361,1328
6362,7402
6363,5737
6364,5719
6365,9587
6366,36
6367,2800
6368,5490
6369,572
6370,6810
6371,4536
6372,3363
6373,7847
6374,1587
6375,5545
6376,9368
6377,9257
6378,1186
6379,4546
6380,9577
6381,6230
6382,5169
6383,8775
6384,6243
6385,3241
6386,961
6387,8618
6388,2186
6389,1461
6390,662
6391,6225
6392,6854
6393,3711
6394,5509
6395,5567
6396,2471
6397,694
6398,5392
6399,2886
6400,6002
6401,1034
6402,2790
6403,4124
6404,null
6405,9751
6406,2972
6407,5778
6408,7012
6409,9055
6410,264
6411,6843
6412,5518
6413,1393
6414,8116
6415,3255
6416,1047
6417,1014
6418,9248
6419,8438
6420,9200
6421,2674
6422,82
6423,3531
6424,7525
6425,3439
6426,3778
6427,582
6428,8746
6429,4665
6430,8301
6431,94
6432,3492
6433,4952
6434,2334
6435,9036
6436,312
6437,7929
6438,9804
6439,1941
6440,3812
6441,1987
6442,2769
6443,9153
6444,1620
6445,3287
6446,2065
6447,3120
6448,867
6449,9931
6450,257
6451,1988
6452,4240
6453,8523
6454,9342
6455,9201
6456,6799
6457,8581
6458,7791
6459,8407
6460,4350
6461,2138
6462,4346
6463,3870
6464,7797
6465,3122
6466,7538
6467,5022
6468,5305
6469,6084
6470,3459
6471,1289
6472,2905
6473,6482
6474,5910
6475,6512
6476,3895
6477,6354
6478,4611
6479,5312
6480,9966
6481,2664
6482,5337
6483,3371
6484,7689
6485,3324
6486,6114
6487,9698
6488,3999
6489,8638
6490,8882
6491,2689
6492,258
6493,9597
6494,8015
6495,8916
6496,1954
6497,7792
6498,2594
6499,8807
6500,9494
6501,8649
6502,2909
6503,2593
6504,5718
6505,1284
6506,350
6507,5377
6508,6853
6509,2218
6510,4408
6511,8346
6512,3121
6513,6504
6514,3466
6515,6142
6516,8135
6517,1305
6518,3092
6519,4492
6520,7900
6521,2987
6522,8904
6523,8722
6524,9116
6525,5068
6526,9350
6527,8275
6528,1106
6529,2426
6530,5742
6531,9390
6532,5181
6533,8631
6534,1842
6535,2300
6536,2100
6537,5291
6538,6104
6539,2946
6540,7758
6541,3153
6542,6892
6543,7743
6544,6498
6545,5451
6546,6010
6547,9613
6548,6754
6549,6896
6550,5183
6551,5355
6552,8391
6553,6880
6554,2998
6555,1273
6556,9426
6557,4563
6558,7442
6559,7552
6560,741
6561,1303
6562,5527
6563,1513
6564,7130
6565,787
6566,4275
6567,8910
6568,8737
6569,251
6570,9607
6571,3694
6572,3902
6573,5841
6574,2622
6575,6167
6576,6542
6577,9063
6578,4178
6579,7061
6580,2195
6581,6199
6582,8089
6583,6723
6584,1781
6585,7891
6586,8772
6587,1457
6588,9611
6589,3705
6590,9564
6591,5287
6592,6041
6593,3916
6594,2929
6595,2628
6596,8527
6597,4779
6598,1391
6599,560
6600,5253
6601,3556
6602,912
6603,7192
6604,3973
6605,7019
6606,9301
6607,192
6608,9007
6609,7087
6610,481
6611,5408
6612,7581
6613,473
6614,8568
6615,1865
6616,2050
6617,3444
6618,7875
6619,8253
6620,2193
6621,2638
6622,9727
6623,1810
6624,3178
6625,8002
6626,408
6627,8482
6628,2545
6629,7903
6630,5473
6631,1816
6632,2030
6633,1746
6634,4964
6635,8478
6636,5940
6637,7703
6638,1070
6639,9704
6640,9846
6641,5364
6642,8633
6643,5843
6644,5152
6645,695
6646,9778
6647,2053
6648,728
6649,4608
6650,296
6651,7620
6652,1905
6653,4598
6654,2580
6655,4783
6656,8017
6657,4298
6658,9582
6659,1964
6660,4629
6661,6751
6662,5420
6663,3506
6664,3801
6665,1247
6666,954
6667,8545
6668,1993
6669,1835
6670,7532
6671,946
6672,5186
6673,6023
6674,40
6675,3562
6676,4977
6677,6086
6678,364
6679,5730
6680,3975
6681,2920
6682,9691
6683,4372
6684,7081
6685,6737
6686,1300
6687,5266
6688,9664
6689,100
6690,4107
6691,7
6692,8973
6693,3729
6694,5012
6695,3111
6696,8641
6697,5544
6698,9831
6699,4518
6700,4335
6701,9636
6702,4257
6703,6223
6704,971
6705,3596
6706,7558
6707,2345
6708,6147
6709,7419
6710,4719
6711,5077
6712,9497
6713,3237
6714,9121
6715,5469
6716,7485
6717,1514
6718,8486
6719,5193
6720,6382
6721,4386
6722,4693
6723,2828
6724,9384
6725,7816
6726,3180
6727,1616
6728,6254
6729,8748
6730,4348
6731,6867
6732,2373
6733,799
6734,2934
6735,7375
6736,7505
6737,9084
6738,3495
6739,7335
6740,2714
6741,2077
6742,6065
6743,5163
6744,3497
6745,9393
6746,3337
6747,7773
6748,4533
6749,318
6750,5113
6751,8132
6752,2802
6753,517
6754,1547
6755,1751
6756,6182
6757,2074
6758,1948
6759,7388
6760,3166
6761,117
6762,7092
6763,7841
6764,4430
6765,9594
6766,7834
6767,3348
6768,8064
6769,1743
6770,9969
6771,4141
6772,8222
6773,3892
6774,2583
6775,3899
6776,3993
6777,8154
6778,7114
6779,6755
6780,4852
6781,7341
6782,9015
6783,4640
6784,9669
6785,9670
6786,4110
6787,97
6788,5788
6789,8435
6790,1634
6791,3359
6792,6496
6793,2441
6794,4631
6795,201
6796,1834
6797,2208
6798,4112
6799,9353
6800,6947
6801,4185
6802,4457
6803,2861
6804,4484
6805,6984
6806,8500
6807,1504
6808,8252
6809,7219
6810,8797
6811,509
6812,8718
6813,6821
6814,1692
6815,8664
6816,7913
6817,8829
6818,2717
6819,4829
6820,3706
6821,9779
6822,4311
6823,9071
6824,3541
6825,8903
6826,1501
6827,7746
6828,5203
6829,812
6830,4771
6831,308
6832,8600
6833,2538
6834,1654
6835,838
6836,2843
6837,324
6838,7371
6839,1059
6840,1358
6841,1827
6842,4663
6843,5020
6844,9505
6845,6099
6846,2864
6847,1564
6848,8497
6849,122
6850,4211
6851,4873
6852,7214
6853,9298
6854,5876
6855,9052
6856,759
6857,8053
6858,9999
6859,3138
6860,315
6861,7624
6862,1716
6863,892
6864,6632
6865,1952
6866,4426
6867,8596
6868,9975
6869,5919
6870,3260
6871,5114
6872,5488
6873,3982
6874,607
6875,2844
6876,1884
6877,1805
6878,6248
6879,6177
6880,81
6881,2203
6882,345
6883,3865
6884,7809
6885,1330
6886,6178
6887,4373
6888,2707
6889,4834
6890,8230
6891,3453
6892,1626
6893,7501
6894,6070
6895,973
6896,2427
6897,7566
6898,749
6899,2716
6900,7478
6901,7011
6902,2758
6903,7020
6904,6638
6905,6098
6906,2023
6907,4628
6908,2600
6909,1374
6910,675
6911,5072
6912,1055
6913,8855
6914,3235
6915,4018
6916,9175
6917,5353
6918,634
6919,5923
6920,4715
6921,5066
6922,7599
6923,7228
6924,9654
6925,4231
6926,3341
6927,6401
6928,8969
6929,7182
6930,6605
6931,4786
6932,7052
6933,5637
6934,5611
6935,2675
6936,4720
6937,7551
6938,1612
6939,7208
6940,8832
6941,6894
6942,3489
6943,2530
6944,4387
6945,4015
6946,7325
6947,1589
6948,2779
6949,5441
6950,9400
6951,8743
6952,6968
6953,2663
6954,6132
6955,7472
6956,374
6957,6648
6958,8125
6959,5484
6960,7342
6961,887
6962,4512
6963,10
6964,9603
6965,332
6966,2229
6967,7057
6968,5976
6969,4379
6970,8402
6971,5646
6972,2429
6973,9699
6974,9712
6975,2973
6976,2428
6977,8987
6978,5350
6979,6060
6980,8657
6981,8243
6982,8697
6983,6782
6984,65
6985,7565
6986,5500
6987,2028
6988,143
6989,3823
6990,4928
6991,9355
6992,7332
6993,9903
6994,2889
6995,7977
6996,4161
6997,3996
6998,3720
6999,6844
7000,6956
7001,1209
7002,8514
7003,4241
7004,533
7005,3323
7006,9980
7007,431
7008,2516
7009,13
7010,1845
7011,5524
7012,4449
7013,7625
7014,833
7015,9518
7016,1882
7017,7702
7018,7137
7019,1226
7020,9845
7021,8184
7022,8912
7023,4356
7024,2091
7025,4245
7026,4003
7027,7860
7028,8995
7029,7894
7030,3552
7031,6888
7032,3294
7033,3011
7034,4587
7035,15
7036,6995
7037,403
7038,8411
7039,4555
7040,227
7041,4674
7042,736
7043,3433
7044,5477
7045,4267
7046,460
7047,6885
7048,4921
7049,807
7050,4914
7051,7186
7052,6610
7053,7529
7054,1125
7055,8342
7056,3592
7057,2534
7058,2490
7059,8921
7060,390
7061,7404
7062,7759
7063,4466
7064,1909
7065,9592
7066,8537
7067,8816
7068,9259
7069,1906
7070,4854
7071,5783
7072,465
7073,3490
7074,6082
7075,3530
7076,1346
7077,4239
7078,8780
7079,4174
7080,6637
7081,2225
7082,3286
7083,8516
7084,2785
7085,2544
7086,7832
7087,8826
7088,9278
7089,6901
7090,8510
7091,5949
7092,9933
7093,1360
7094,5553
7095,8469
7096,6616
7097,8922
7098,1127
7099,3223
7100,8331
7101,5938
7102,930
7103,4209
7104,5648
7105,8088
7106,3079
7107,3336
7108,404
7109,8211
7110,null
7111,5750
7112,4683
7113,3616
7114,5685
7115,4851
7116,8343
7117,9763
7118,9509
7119,7937
7120,7397
7121,358
7122,6376
7123,3172
7124,2669
7125,810
7126,6327
7127,6731
7128,2891
7129,8188
7130,466
7131,9427
7132,5465
7133,202
7134,5257
7135,8494
7136,3403
7137,1282
7138,1173
7139,1400
7140,1656
7141,988
7142,8534
7143,2587
7144,7088
7145,1924
7146,5822
7147,6026
7148,9335
7149,4462
7150,7950
7151,381
7152,4904
7153,155
7154,783
7155,2949
7156,5242
7157,7361
7158,2206
7159,2839
7160,4050
7161,4095
7162,7223
7163,7802
7164,2211
7165,2834
7166,8971
7167,4590
7168,1003
7169,703
7170,6954
7171,7459
7172,4400
7173,3032
7174,4165
7175,7396
7176,641
7177,7450
7178,477
7179,1357
7180,5178
7181,7647
7182,7495
7183,8779
7184,6981
7185,3427
7186,5557
7187,2712
7188,2464
7189,2448
7190,9385
7191,2569
7192,343
7193,8877
7194,2701
7195,9716
7196,4483
7197,9361
7198,8605
7199,770
7200,4507
7201,6480
7202,8324
7203,9840
7204,1234
7205,5865
7206,269
7207,4903
7208,724
7209,26
7210,9834
7211,8189
7212,1489
7213,2964
7214,9628
7215,9569
7216,7256
7217,6432
7218,6691
7219,9042
7220,7893
7221,3502
7222,7201
7223,1846
7224,8821
7225,6158
7226,6507
7227,4836
7228,7444
7229,8182
7230,7263
7231,5561
7232,8369
7233,1317
7234,7914
7235,5989
7236,8894
7237,4202
7238,5248
7239,4723
7240,5563
7241,4644
7242,919
7243,687
7244,1770
7245,8784
7246,6123
7247,4905
7248,5708
7249,8884
7250,5462
7251,8843
7252,5977
7253,4436
7254,8751
7255,7852
7256,8326
7257,2849
7258,4360
7259,8174
7260,9051
7261,8424
7262,5254
7263,4889
7264,496
7265,5565
7266,3426
7267,3288
7268,1678
7269,2086
7270,6898
7271,7545
7272,9183
7273,3826
7274,1050
7275,7653
7276,3932
7277,1438
7278,948
7279,8254
7280,222
7281,6613
7282,9249
7283,5147
7284,9482
7285,6858
7286,1016
7287,6763
7288,5349
7289,2737
7290,4217
7291,3882
7292,9889
7293,5246
7294,7534
7295,5698
7296,3206
7297,3733
7298,5562
7299,1253
7300,7121
7301,8902
7302,3600
7303,57
7304,9766
7305,1897
7306,7782
7307,4333
7308,6969
7309,8866
7310,4985
7311,735
7312,9172
7313,2319
7314,5850
7315,1804
7316,7988
7317,7122
7318,8268
7319,8693
7320,8250
7321,6583
7322,6085
7323,1879
7324,6407
7325,2988
7326,3217
7327,4959
7328,9807
7329,8499
7330,5795
7331,7814
7332,9181
7333,8192
7334,8760
7335,5886
7336,8336
7337,6643
7338,6879
7339,2761
7340,5537
7341,9625
7342,1764
7343,4068
7344,3644
7345,3088
7346,4368
7347,7999
7348,4300
7349,9411
7350,6463
7351,7918
7352,8389
7353,504
7354,6323
7355,2202
7356,2424
7357,9828
7358,5779
7359,2978
7360,3484
7361,7967
7362,4002
7363,3346
7364,6333
7365,5030
7366,1398
7367,9307
7368,3330
7369,6018
7370,6417
7371,3577
7372,3456
7373,7153
7374,5536
7375,2393
7376,8786
7377,4163
7378,2750
7379,7418
7380,7775
7381,6344
7382,7202
7383,2895
7384,937
7385,7508
7386,9741
7387,5987
7388,4075
7389,4712
7390,9964
7391,4314
7392,2155
7393,8623
7394,7740
7395,672
7396,4502
7397,2883
7398,6160
7399,7085
7400,1868
7401,181
7402,5369
7403,9736
7404,3038
7405,1720
7406,5180
7407,8427
7408,313
7409,8166
7410,3851
7411,1778
7412,5839
7413,2907
7414,2688
7415,941
7416,9579
7417,2743
7418,6031
7419,6453
7420,8864
7421,4534
7422,1304
7423,2013
7424,8479
7425,8489
7426,6919
7427,2236
7428,5588
7429,2947
7430,3835
7431,913
7432,3854
7433,820
7434,9238
7435,3887
7436,9262
7437,5963
7438,4082
7439,8663
7440,5086
7441,5585
7442,6232
7443,5753
7444,224
7445,3072
7446,5165
7447,394
7448,3197
7449,5725
7450,2762
7451,4984
7452,2035
7453,7781
7454,9104
7455,628
7456,9814
7457,7363
7458,6484
7459,6442
7460,7077
7461,877
7462,1319
7463,1708
7464,8401
7465,8226
7466,8175
7467,9733
7468,1082
7469,29
7470,6538
7471,7261
7472,4226
7473,8352
7474,4416
7475,1204
7476,1755
7477,3554
7478,2751
7479,1193
7480,9578
7481,1862
7482,9275
7483,8538
7484,6133
7485,6499
7486,1306
7487,1435
7488,4351
7489,244
7490,3423
7491,8956
7492,9487
7493,9858
7494,8418
7495,4669
7496,5065
7497,8994
7498,8366
7499,899
7500,6704
7501,2872
7502,449
7503,2011
7504,2391
7505,5820
7506,5277
7507,7115
7508,3866
7509,8378
7510,4073
7511,6428
7512,2292
7513,565
7514,8000
7515,3208
7516,4316
7517,2578
7518,3014
7519,7578
7520,804
7521,698
7522,4194
7523,1006
7524,8294
7525,1323
7526,2608
7527,5146
7528,8692
7529,2810
7530,4740
7531,7280
7532,6676
7533,3876
7534,3781
7535,9608
7536,8532
7537,6444
7538,411
7539,5508
7540,5394
7541,8110
7542,1856
7543,9985
7544,249
7545,6508
7546,1962
7547,5705
7548,5323
7549,2444
7550,1931
7551,1497
7552,2187
7553,1895
7554,986
7555,1734
7556,4906
7557,198
7558,6310
7559,3220
7560,8261
7561,316
7562,2661
7563,1715
7564,3732
7565,9228
7566,8285
7567,8757
7568,6818
7569,1687
7570,9420
7571,7752
7572,282
7573,5636
7574,1724
7575,8162
7576,5158
7577,4800
7578,1321
7579,8531
7580,9835
7581,7059
7582,2668
7583,7748
7584,2240
7585,9645
7586,987
7587,6906
7588,3958
7589,5763
7590,9920
7591,4983
7592,8668
7593,5827
7594,3042
7595,6054
7596,6765
7597,9548
7598,6624
7599,3224
7600,4414
7601,4874
7602,121
7603,9818
7604,1807
7605,8266
7606,9516
7607,1568
7608,4265
7609,7892
7610,7672
7611,4499
7612,7127
7613,9787
7614,8551
7615,3317
7616,2695
7617,4089
7618,7410
7619,9789
7620,4104
7621,1024
7622,6660
7623,1083
7624,5760
7625,6338
7626,8008
7627,3425
7628,1651
7629,7409
7630,3608
7631,59
7632,7777
7633,870
7634,6778
7635,4485
7636,3448
7637,567
7638,7187
7639,4996
7640,7768
7641,3976
7642,1744
7643,7082
7644,2370
7645,14
7646,5250
7647,8302
7648,7636
7649,2015
7650,6328
7651,4205
7652,9372
7653,9790
7654,1150
7655,7477
7656,722
7657,2253
7658,640
7659,8533
7660,5824
7661,9096
7662,8871
7663,8168
7664,4173
7665,760
7666,9362
7667,9067
7668,7218
7669,3935
7670,2983
7671,6206
7672,8416
7673,8051
7674,219
7675,1930
7676,3091
7677,3631
7678,1396
7679,6656
7680,6302
7681,1237
7682,8274
7683,5027
7684,3181
7685,1472
7686,4919
7687,5739
7688,9348
7689,1713
7690,1060
7691,3149
7692,9637
7693,1298
7694,8023
7695,4566
7696,5142
7697,2993
7698,5769
7699,2038
7700,1877
7701,6433
7702,2865
7703,2351
7704,3676
7705,1470
7706,5640
7707,1399
7708,8563
7709,6356
7710,7285
7711,1131
7712,9270
7713,2656
7714,656
7715,340
7716,311
7717,9408
7718,5533
7719,4609
7720,6195
7721,5618
7722,7548
7723,3333
7724,9700
7725,7544
7726,840
7727,7217
7728,2061
7729,8865
7730,8650
7731,991
7732,9315
7733,6825
7734,1947
7735,463
7736,1196
7737,8327
7738,7733
7739,3320
7740,9449
7741,968
7742,9563
7743,8126
7744,2568
7745,124
7746,4278
7747,6051
7748,1551
7749,3405
7750,4887
7751,2056
7752,3658
7753,4235
7754,1739
7755,8107
7756,9000
7757,8970
7758,8464
7759,9357
7760,1566
7761,6889
7762,9346
7763,6720
7764,2143
7765,3101
7766,2087
7767,6959
7768,2179
7769,9152
7770,2365
7771,6513
7772,2520
7773,6033
7774,1861
7775,8075
7776,4200
7777,7344
7778,6384
7779,9037
7780,120
7781,9676
7782,8397
7783,8309
7784,2653
7785,1086
7786,4083
7787,7079
7788,1331
7789,9378
7790,7909
7791,280
7792,2200
7793,3349
7794,413
7795,7349
7796,3743
7797,2404
7798,5425
7799,8859
7800,3880
7801,4445
7802,1598
7803,4044
7804,9732
7805,2385
7806,7828
7807,3499
7808,5969
7809,4825
7810,5317
7811,8808
7812,6492
7813,6693
7814,5972
7815,6047
7816,9406
7817,9935
7818,894
7819,1274
7820,6807
7821,9633
7822,6400
7823,3157
7824,6392
7825,6883
7826,3805
7827,8868
7828,4488
7829,1509
7830,3048
7831,2004
7832,8466
7833,3925
7834,1351
7835,4447
7836,4325
7837,7691
7838,541
7839,9080
7840,6112
7841,4748
7842,7849
7843,3103
7844,2896
7845,4839
7846,1933
7847,9689
7848,1759
7849,102
7850,1365
7851,2285
7852,432
7853,755
7854,6386
7855,7312
7856,6910
7857,3867
7858,6722
7859,9
7860,7516
7861,1229
7862,3655
7863,2416
7864,652
7865,6163
7866,2107
7867,1592
7868,4982
7869,1046
7870,216
7871,214
7872,1894
7873,462
7874,8839
7875,5916
7876,171
7877,7727
7878,9895
7879,905
7880,7683
7881,2755
7882,5011
7883,3728
7884,5140
7885,2005
7886,6863
7887,6827
7888,7254
7889,2703
7890,5187
7891,9398
7892,2897
7893,5075
7894,6922
7895,1565
7896,2309
7897,1659
7898,7604
7899,3169
7900,6537
7901,6639
7902,3005
7903,3163
7904,3803
7905,7762
7906,8806
7907,5404
7908,3948
7909,4935
7910,4876
7911,8723
7912,3358
7913,2103
7914,7415
7915,7949
7916,8246
7917,8351
7918,8943
7919,2724
7920,5286
7921,3050
7922,8221
7923,9064
7924,4038
7925,3469
7926,1441
7927,334
7928,4402
7929,774
7930,2875
7931,4438
7932,4790
7933,5102
7934,566
7935,7957
7936,2180
7937,3832
7938,3929
7939,9269
7940,1409
7941,3482
7942,6806
7943,4793
7944,3767
7945,1658
7946,8512
7947,4319
7948,785
7949,1761
7950,7789
7951,8213
7952,2450
7953,7372
7954,9940
7955,8429
7956,3419
7957,4506
7958,5968
7959,8592
7960,3761
7961,6950
7962,5734
7963,5995
7964,2551
7965,7244
7966,7966
7967,6698
7968,8900
7969,1199
7970,8634
7971,372
7972,5807
7973,9768
7974,9088
7975,5772
7976,1582
7977,9801
7978,3520
7979,5560
7980,5351
7981,8290
7982,3776
7983,1389
7984,3775
7985,4686
7986,875
7987,6519
7988,4305
7989,8225
7990,6870
7991,5393
7992,5799
7993,5141
7994,5107
7995,3579
7996,9386
7997,87
7998,5424
7999,928
8000,6569
8001,7868
8002,9058
8003,7856
8004,2620
8005,5360
8006,7374
8007,6520
8008,6101
8009,2768
8010,1786
8011,4470
8012,944
8013,9171
8014,2625
8015,9961
8016,3335
8017,9141
8018,2805
8019,8863
8020,9407
8021,8163
8022,7785
8023,3251
8024,3891
8025,7384
8026,766
8027,2375
8028,9092
8029,7265
8030,6291
8031,7405
8032,7573
8033,3098
8034,9894
8035,3722
8036,4606
8037,1432
8038,6568
8039,4847
8040,7633
8041,5375
8042,1220
8043,2394
8044,1152
8045,9300
8046,2209
8047,424
8048,450
8049,4508
8050,1510
8051,3334
8052,3598
8053,4057
8054,7763
8055,5790
8056,2922
8057,9912
8058,2980
8059,3788
8060,6088
8061,5979
8062,5974
8063,4109
8064,6242
8065,7457
8066,3567
8067,685
8068,3701
8069,9777
8070,8789
8071,9863
8072,2754
8073,3630
8074,9032
8075,3693
8076,4403
8077,4460
8078,6405
8079,3841
8080,4828
8081,6237
8082,5506
8083,3873
8084,294
8085,4943
8086,1919
8087,4125
8088,1080
8089,5895
8090,1629
8091,9805
8092,2854
8093,8078
8094,797
8095,4155
8096,2088
8097,9224
8098,5290
8099,723
8100,5311
8101,3853
8102,2940
8103,8011
8104,5658
8105,9470
8106,5580
8107,4117
8108,5681
8109,7980
8110,1027
8111,8577
8112,9774
8113,4269
8114,5590
8115,3227
8116,8095
8117,7024
8118,8047
8119,4164
8120,2408
8121,5001
8122,7528
8123,7412
8124,3791
8125,7952
8126,4892
8127,9014
8128,2273
8129,4029
8130,389
8131,3933
8132,3045
8133,2977
8134,5614
8135,9648
8136,3377
8137,1727
8138,4619
8139,7163
8140,2409
8141,8802
8142,4866
8143,3485
8144,7178
8145,6174
8146,5494
8147,771
8148,600
8149,739
8150,4762
8151,6282
8152,1320
8153,680
8154,2697
8155,4646
8156,8782
8157,3576
8158,376
8159,965
8160,9430
8161,4999
8162,3089
8163,8702
8164,7804
8165,8677
8166,4498
8167,3010
8168,3878
8169,9888
8170,6306
8171,1405
8172,6721
8173,7198
8174,4605
8175,4617
8176,2555
8177,1030
8178,8666
8179,3794
8180,8885
8181,9957
8182,4528
8183,7251
8184,3798
8185,3422
8186,1362
8187,2525
8188,3085
8189,7000
8190,6121
8191,1170
8192,7942
8193,5937
8194,8556
8195,901
8196,4214
8197,7391
8198,3716
8199,9683
8200,4815
8201,1380
8202,8347
8203,132
8204,8948
8205,399
8206,2830
8207,7403
8208,6706
8209,719
8210,3582
8211,3961
8212,1465
8213,7521
8214,6774
8215,7795
8216,8256
8217,5857
8218,1893
8219,846
8220,2286
8221,396
8222,1073
8223,3955
8224,9896
8225,1683
8226,4811
8227,5043
8228,6436
8229,7337
8230,5406
8231,9668
8232,7618
8233,9082
8234,882
8235,4696
8236,5407
8237,7364
8238,5301
8239,1706
8240,1326
8241,393
8242,3151
8243,7348
8244,6918
8245,6540
8246,7161
8247,6979
8248,4450
8249,2294
8250,3165
8251,9514
8252,7652
8253,7358
8254,417
8255,183
8256,3626
8257,3262
8258,6402
8259,2904
8260,2223
8261,356
8262,7047
8263,6362
8264,5812
8265,7386
8266,2721
8267,800
8268,3879
8269,6159
8270,6165
8271,1141
8272,3686
8273,4957
8274,1922
8275,2938
8276,649
8277,3871
8278,101
8279,9547
8280,8067
8281,8708
8282,3350
8283,297
8284,6861
8285,2727
8286,3660
8287,4795
8288,6692
8289,5155
8290,7736
8291,1430
8292,2792
8293,3745
8294,457
8295,1973
8296,243
8297,9832
8298,5123
8299,6590
8300,5176
8301,7975
8302,1494
8303,1378
8304,605
8305,4864
8306,8448
8307,9803
8308,8701
8309,9649
8310,9290
8311,1594
8312,3139
8313,2745
8314,9338
8315,7675
8316,4742
8317,5823
8318,206
8319,6724
8320,5579
8321,2850
8322,9550
8323,1180
8324,2
8325,630
8326,9072
8327,2032
8328,4747
8329,2293
8330,2031
8331,7080
8332,7939
8333,5284
8334,7681
8335,4515
8336,3937
8337,137
8338,6279
8339,5362
8340,2340
8341,5715
8342,1911
8343,8148
8344,4707
8345,1026
8346,6083
8347,1991
8348,7557
8349,3774
8350,6140
8351,1498
8352,5255
8353,6663
8354,2380
8355,3905
8356,6126
8357,7455
8358,380
8359,9289
8360,2401
8361,4367
8362,1344
8363,4761
8364,4975
8365,3084
8366,4641
8367,8880
8368,6458
8369,5624
8370,6824
8371,2710
8372,6644
8373,8728
8374,245
8375,1997
8376,7656
8377,303
8378,8208
8379,9182
8380,8572
8381,4585
8382,4271
8383,2215
8384,9822
8385,4733
8386,4365
8387,5887
8388,7973
8389,1119
8390,2781
8391,75
8392,4456
8393,6598
8394,874
8395,9599
8396,6044
8397,6758
8398,7227
8399,3049
8400,91
8401,464
8402,2879
8403,8651
8404,9708
8405,9948
8406,671
8407,8173
8408,6595
8409,8606
8410,7572
8411,710
8412,6063
8413,5156
8414,5888
8415,2170
8416,3786
8417,1264
8418,1975
8419,678
8420,6326
8421,575
8422,2730
8423,6183
8424,4324
8425,3352
8426,4690
8427,6657
8428,5094
8429,144
8430,2511
8431,4096
8432,1543
8433,949
8434,6927
8435,5222
8436,4277
8437,8282
8438,4336
8439,9306
8440,2226
8441,2581
8442,8093
8443,6511
8444,9421
8445,6118
8446,4708
8447,7427
8448,6490
8449,3164
8450,5735
8451,6998
8452,4857
8453,9081
8454,151
8455,1231
8456,5101
8457,1570
8458,9541
8459,4535
8460,8085
8461,769
8462,7771
8463,570
8464,1762
8465,9503
8466,2898
8467,5396
8468,7780
8469,5596
8470,9659
8471,1938
8472,291
8473,4190
8474,2566
8475,6311
8476,2757
8477,8462
8478,2040
8479,4770
8480,150
8481,4718
8482,3113
8483,5010
8484,3236
8485,7343
8486,2128
8487,1181
8488,480
8489,4421
8490,9627
8491,6179
8492,2006
8493,6073
8494,538
8495,3875
8496,809
8497,6523
8498,1061
8499,5811
8500,9987
8501,2829
8502,7013
8503,959
8504,305
8505,6620
8506,1449
8507,9771
8508,3936
8509,5808
8510,7769
8511,6409
8512,8405
8513,7839
8514,6329
8515,5139
8516,8823
8517,7216
8518,4782
8519,4106
8520,5872
8521,6359
8522,3980
8523,3476
8524,8313
8525,7512
8526,3290
8527,8077
8528,9123
8529,2336
8530,7881
8531,1578
8532,1240
8533,7389
8534,8639
8535,3784
8536,8372
8537,5908
8538,993
8539,6994
8540,6157
8541,7355
8542,4364
8543,7293
8544,6020
8545,9281
8546,319
8547,8177
8548,5738
8549,9457
8550,8016
8551,4296
8552,6127
8553,1671
8554,5692
8555,2280
8556,1464
8557,2312
8558,7134
8559,6699
8560,383
8561,9522
8562,406
8563,7669
8564,2915
8565,7413
8566,8759
8567,6108
8568,8993
8569,7492
8570,8707
8571,7947
8572,5226
8573,7491
8574,2532
8575,561
8576,6955
8577,348
8578,5898
8579,3388
8580,9973
8581,3201
8582,1942
8583,1799
8584,9490
8585,5307
8586,5019
8587,349
8588,730
8589,8431
8590,5302
8591,7014
8592,4754
8593,7617
8594,5117
8595,4437
8596,6475
8597,7030
8598,9461
8599,5234
8600,2308
8601,5471
8602,3409
8603,7185
8604,4228
8605,2403
8606,7658
8607,6429
8608,7530
8609,3881
8610,8087
8611,8700
8612,2640
8613,9422
8614,9924
8615,1528
8616,3510
8617,5866
8618,3533
8619,2112
8620,8187
8621,502
8622,5467
8623,7488
8624,2458
8625,1763
8626,4078
8627,5352
8628,6789
8629,2642
8630,8199
8631,8113
8632,3060
8633,2085
8634,2655
8635,4126
8636,4915
8637,5037
8638,3647
8639,7353
8640,3522
8641,412
8642,8833
8643,1820
8644,8149
8645,2970
8646,7506
8647,3285
8648,7671
8649,4274
8650,2022
8651,1797
8652,8824
8653,5529
8654,4918
8655,6839
8656,3859
8657,6191
8658,5497
8659,5503
8660,637
8661,4594
8662,6742
8663,231
8664,2485
8665,9045
8666,4886
8667,3229
8668,2690
8669,5697
8670,6835
8671,1384
8672,3780
8673,5199
8674,2007
8675,9949
8676,2888
8677,5848
8678,5295
8679,6679
8680,1476
8681,6053
8682,4846
8683,7016
8684,1829
8685,3414
8686,5556
8687,8870
8688,5815
8689,6319
8690,5389
8691,5008
8692,1429
8693,1955
8694,9844
8695,9991
8696,1583
8697,1278
8698,6942
8699,6985
8700,6322
8701,90
8702,8587
8703,338
8704,3825
8705,445
8706,2046
8707,4016
8708,7151
8709,2064
8710,1756
8711,4816
8712,8504
8713,3501
8714,7502
8715,7648
8716,145
8717,1974
8718,2852
8719,6859
8720,2361
8721,8428
8722,1019
8723,4085
8724,8138
8725,4746
8726,5405
8727,8142
8728,1213
8729,7826
8730,2840
8731,8611
8732,187
8733,6708
8734,9899
8735,4223
8736,4343
8737,564
8738,3938
8739,1245
8740,3463
8741,3607
8742,8338
8743,6100
8744,646
8745,5170
8746,5049
8747,9878
8748,4970
8749,337
8750,7390
8751,4599
8752,325
8753,5589
8754,1946
8755,5804
8756,2089
8757,3591
8758,6418
8759,3710
8760,9035
8761,9215
8762,9532
8763,2870
8764,4681
8765,7677
8766,1855
8767,3075
8768,7930
8769,2811
8770,2156
8771,2835
8772,5367
8773,2249
8774,5568
8775,7206
8776,9978
8777,2928
8778,7479
8779,5429
8780,1633
8781,9229
8782,8070
8783,2926
8784,4899
8785,5177
8786,3893
8787,3846
8788,2540
8789,2445
8790,6273
8791,1235
8792,2254
8793,5598
8794,501
8795,1920
8796,4427
8797,2434
8798,4291
8799,3396
8800,6878
8801,7448
8802,9443
8803,5620
8804,8607
8805,4592
8806,6882
8807,1109
8808,697
8809,8194
8810,7549
8811,9272
8812,7605
8813,4431
8814,3783
8815,4517
8816,7035
8817,3624
8818,1889
8819,2985
8820,3228
8821,4196
8822,6161
8823,6249
8824,458
8825,907
8826,7027
8827,2480
8828,2462
8829,1481
8830,6589
8831,6231
8832,5958
8833,6222
8834,1571
8835,8888
8836,9337
8837,6746
8838,6563
8839,8630
8840,9749
8841,6946
8842,7165
8843,5621
8844,5572
8845,7015
8846,7990
8847,6421
8848,7684
8849,365
8850,9711
8851,7425
8852,3917
8853,5855
8854,8711
8855,818
8856,7248
8857,9604
8858,8426
8859,9437
8860,7288
8861,5016
8862,3167
8863,1188
8864,2305
8865,9753
8866,1523
8867,4648
8868,4615
8869,6255
8870,9568
8871,154
8872,6965
8873,3443
8874,1929
8875,3308
8876,5774
8877,7420
8878,3779
8879,1688
8880,7871
8881,5109
8882,1642
8883,7760
8884,346
8885,2859
8886,7924
8887,4213
8888,3901
8889,8513
8890,1902
8891,8039
8892,4531
8893,4176
8894,6056
8895,532
8896,1534
8897,4035
8898,8554
8899,9848
8900,726
8901,7006
8902,7880
8903,8362
8904,1682
8905,7025
8906,3191
8907,3019
8908,878
8909,478
8910,4727
8911,4750
8912,7931
8913,8423
8914,7678
8915,4315
8916,6689
8917,1219
8918,3998
8919,8703
8920,5744
8921,4632
8922,9280
8923,5847
8924,5716
8925,6210
8926,8287
8927,2512
8928,8310
8929,7331
8930,7136
8931,301
8932,2242
8933,9629
8934,2219
8935,9351
8936,661
8937,3055
8938,2501
8939,7159
8940,7055
8941,1011
8942,5344
8943,3494
8944,2825
8945,921
8946,6775
8947,8508
8948,1475
8949,2605
8950,4706
8951,4760
8952,2027
8953,2693
8954,8183
8955,6363
8956,7735
8957,1354
8958,5097
8959,5069
8960,7974
8961,3749
8962,8753
8963,7095
8964,6619
8965,279
8966,2813
8967,1970
8968,8330
8969,1740
8970,3707
8971,9512
8972,2257
8973,6621
8974,357
8975,1136
8976,2636
8977,8961
8978,3690
8979,5991
8980,8653
8981,9559
8982,3284
8983,2132
8984,9191
8985,8455
8986,8257
8987,5984
8988,1711
8989,4934
8990,2713
8991,7302
8992,4276
8993,3177
8994,6016
8995,611
8996,5428
8997,4216
8998,2333
8999,6267
9000,7322
9001,3952
9002,3968
9003,3230
9004,8014
9005,2981
9006,1785
9007,7715
9008,8130
9009,9796
9010,375
9011,2912
9012,5346
9013,9816
9014,9788
9015,8628
9016,7339
9017,751
9018,8933
9019,3470
9020,5546
9021,1428
9022,8793
9023,786
9024,9297
9025,5082
9026,761
9027,6716
9028,1864
9029,2634
9030,716
9031,8913
9032,4060
9033,7946
9034,7225
9035,7284
9036,4031
9037,5690
9038,2162
9039,9525
9040,1556
9041,6933
9042,2070
9043,4455
9044,5975
9045,9465
9046,8446
9047,6846
9048,3836
9049,1617
9050,9983
9051,2181
9052,9977
9053,3800
9054,6745
9055,2702
9056,2051
9057,8990
9058,7663
9059,2034
9060,5213
9061,2067
9062,4309
9063,173
9064,8874
9065,3849
9066,9049
9067,3384
9068,1116
9069,6331
9070,5909
9071,9706
9072,9638
9073,5607
9074,9862
9075,1661
9076,169
9077,88
9078,9218
9079,9775
9080,9319
9081,5863
9082,5932
9083,1595
9084,8286
9085,1714
9086,4568
9087,6578
9088,3194
9089,39
9090,1992
9091,2329
9092,1049
9093,2382
9094,8299
9095,6007
9096,4129
9097,6009
9098,6294
9099,3672
9100,8363
9101,3847
9102,354
9103,7283
9104,7815
9105,1392
9106,4993
9107,null
9108,9387
9109,6864
9110,3051
9111,9555
9112,5726
9113,3543
9114,4261
9115,7666
9116,217
9117,3559
9118,3667
9119,6772
9120,5080
9121,3041
9122,544
9123,null
9124,273
9125,9932
9126,3638
9127,7808
9128,5653
9129,8420
9130,794
9131,9207
9132,1960
9133,8185
9134,7091
9135,6461
9136,9958
9137,1315
9138,4428
9139,7454
9140,643
9141,1850
9142,4166
9143,4912
9144,2837
9145,3914
9146,9713
9147,3928
9148,5835
9149,4224
9150,9730
9151,22
9152,692
9153,5674
9154,5710
9155,3687
9156,7695
9157,952
9158,8895
9159,5519
9160,9029
9161,1689
9162,2956
9163,7827
9164,3488
9165,7480
9166,8991
9167,3856
9168,6703
9169,6646
9170,1719
9171,5539
9172,7956
9173,2436
9174,3412
9175,2063
9176,7531
9177,4516
9178,4614
9179,8647
9180,2874
9181,589
9182,8127
9183,9444
9184,9794
9185,7246
9186,6479
9187,5776
9188,1117
9189,4295
9190,5074
9191,8484
9192,7888
9193,2133
9194,4809
9195,1255
9196,1208
9197,5137
9198,4814
9199,6335
9200,2876
9201,3339
9202,5160
9203,7805
9204,9504
9205,5911
9206,3923
9207,3820
9208,3146
9209,8781
9210,8269
9211,3977
9212,8890
9213,9179
9214,3785
9215,4024
9216,8907
9217,2611
9218,8451
9219,6042
9220,2960
9221,6852
9222,4153
9223,1576
9224,9169
9225,3922
9226,7882
9227,1691
9228,3318
9229,4021
9230,7094
9231,5461
9232,2233
9233,4193
9234,7823
9235,9719
9236,2463
9237,2953
9238,626
9239,5540
9240,5956
9241,1171
9242,1555
9243,7234
9244,914
9245,6166
9246,4049
9247,8820
9248,9583
9249,1521
9250,2283
9251,1624
9252,4552
9253,852
9254,5930
9255,5894
9256,6904
9257,855
9258,8812
9259,8869
9260,5354
9261,5053
9262,1873
9263,1371
9264,5059
9265,5513
9266,3603
9267,5668
9268,2778
9269,1195
9270,9105
9271,221
9272,9432
9273,6128
9274,2878
9275,8914
9276,1087
9277,7045
9278,2470
9279,4114
9280,5340
9281,1369
9282,953
9283,9586
9284,398
9285,8383
9286,133
9287,1190
9288,3117
9289,994
9290,4299
9291,8190
9292,6168
9293,1218
9294,524
9295,6043
9296,588
9297,5083
9298,6915
9299,8046
9300,5973
9301,768
9302,4601
9303,7870
9304,493
9305,528
9306,3053
9307,6849
9308,1370
9309,6803
9310,7040
9311,469
9312,104
9313,6593
9314,2682
9315,3911
9316,714
9317,3248
9318,451
9319,9800
9320,505
9321,583
9322,5492
9323,9761
9324,3432
9325,4253
9326,1774
9327,2395
9328,1162
9329,4668
9330,4938
9331,3752
9332,3525
9333,581
9334,2191
9335,7089
9336,4951
9337,1803
9338,289
9339,3095
9340,3105
9341,2474
9342,7031
9343,5443
9344,3102
9345,1211
9346,9119
9347,157
9348,4541
9349,3477
9350,9743
9351,4810
9352,1615
9353,2148
9354,2489
9355,8249
9356,3188
9357,9043
9358,8915
9359,4156
9360,5014
9361,8790
9362,7629
9363,1784
9364,1690
9365,2349
9366,4014
9367,5928
9368,2150
9369,129
9370,7509
9371,1293
9372,7982
9373,3393
9374,7584
9375,8236
9376,5884
9377,8591
9378,7069
9379,3766
9380,6216
9381,459
9382,4513
9383,3639
9384,2167
9385,4862
9386,2386
9387,7641
9388,6373
9389,6822
9390,4187
9391,1914
9392,9865
9393,1627
9394,8134
9395,4701
9396,6266
9397,7927
9398,9523
9399,7076
9400,7239
9401,3170
9402,4714
9403,2652
9404,8295
9405,6387
9406,9507
9407,4266
9408,6735
9409,745
9410,239
9411,4131
9412,4480
9413,6077
9414,2833
9415,4186
9416,1415
9417,9433
9418,6874
9419,9137
9420,5154
9421,8619
9422,3557
9423,5480
9424,3472
9425,3517
9426,8803
9427,2942
9428,5062
9429,4045
9430,5691
9431,4901
9432,8485
9433,7588
9434,3511
9435,1858
9436,2963
9437,5918
9438,1972
9439,5216
9440,4583
9441,7616
9442,7150
9443,3460
9444,5343
9445,6380
9446,5314
9447,1549
9448,9632
9449,5854
9450,6171
9451,5220
9452,4308
9453,172
9454,3340
9455,5478
9456,9113
9457,6092
9458,7820
9459,906
9460,3142
9461,4766
9462,3838
9463,1458
9464,7276
9465,1453
9466,6030
9467,3515
9468,4222
9469,3368
9470,8659
9471,6974
9472,8947
9473,5853
9474,9334
9475,2297
9476,8959
9477,2706
9478,6264
9479,323
9480,3715
9481,8684
9482,9544
9483,283
9484,4514
9485,7470
9486,4149
9487,7686
9488,4358
9489,4236
9490,2680
9491,7829
9492,8238
9493,5770
9494,8013
9495,3249
9496,8291
9497,4875
9498,6289
9499,7190
9500,9562
9501,8073
9502,3313
9503,1335
9504,4564
9505,2494
9506,3985
9507,3811
9508,3862
9509,5182
9510,2247
9511,5994
9512,7319
9513,7370
9514,2342
9515,2152
9516,4741
9517,1212
9518,9287
9519,8005
9520,9264
9521,3818
9522,3942
9523,248
9524,6982
9525,5593
9526,397
9527,4097
9528,4135
9529,7649
9530,2290
9531,8270
9532,5274
9533,5269
9534,5112
9535,2134
9536,9212
9537,9849
9538,2556
9539,8010
9540,6869
9541,8941
9542,5322
9543,9641
9544,795
9545,19
9546,1779
9547,542
9548,1251
9549,6606
9550,3681
9551,9219
9552,4591
9553,2012
9554,841
9555,4384
9556,5456
9557,2665
9558,7193
9559,4053
9560,3389
9561,2877
9562,7997
9563,9666
9564,9459
9565,9099
9566,673
9567,869
9568,1599
9569,2243
9570,167
9571,7674
9572,4872
9573,9864
9574,444
9575,6119
9576,6491
9577,9560
9578,2798
9579,931
9580,4435
9581,8196
9582,4792
9583,7268
9584,6752
9585,8105
9586,9510
9587,717
9588,9234
9589,9747
9590,2114
9591,8296
9592,7411
9593,1200
9594,9657
9595,3321
9596,5953
9597,8262
9598,5873
9599,6187
9600,1557
9601,4801
9602,4670
9603,1440
9604,6125
9605,3814
9606,7286
9607,2901
9608,7279
9609,8836
9610,4588
9611,5189
9612,7441
9613,382
9614,3069
9615,8996
9616,4413
9617,2099
9618,7209
9619,1699
9620,8034
9621,6040
9622,7754
9623,2369
9624,4824
9625,5766
9626,3617
9627,8465
9628,5606
9629,8776
9630,8998
9631,612
9632,7267
9633,5809
9634,5133
9635,4673
9636,5371
9637,3979
9638,1537
9639,7774
9640,3265
9641,5759
9642,8471
9643,4237
9644,123
9645,5056
9646,4522
9647,6837
9648,9065
9649,647
9650,936
9651,2135
9652,6594
9653,433
9654,842
9655,8442
9656,5372
9657,5191
9658,3273
9659,6975
9660,957
9661,3093
9662,3931
9663,2337
9664,9404
9665,7519
9666,4489
9667,421
9668,690
9669,4086
9670,9375
9671,119
9672,2454
9673,3315
9674,5496
9675,5813
9676,3804
9677,7051
9678,7243
9679,3904
9680,4503
9681,8340
9682,7310
9683,7393
9684,8599
9685,7461
9686,4931
9687,4900
9688,2641
9689,3094
9690,1244
9691,9682
9692,1505
9693,1
9694,2767
9695,3604
9696,7126
9697,8758
9698,9515
9699,3327
9700,2213
9701,3218
9702,30
9703,6204
9704,442
9705,2381
9706,916
9707,5860
9708,7873
9709,5957
9710,6343
9711,8555
9712,8738
9713,7869
9714,6633
9715,6783
9716,2439
9717,7367
9718,4491
9719,3765
9720,8097
9721,7955
9722,1953
9723,2741
9724,9242
9725,3406
9726,2136
9727,1482
9728,3455
9729,2302
9730,8314
9731,4088
9732,2974
9733,9087
9734,9533
9735,8414
9736,6180
9737,6753
9738,5013
9739,9416
9740,7048
9741,7191
9742,2384
9743,8984
9744,8496
9745,4920
9746,5006
9747,5834
9748,2410
9749,6032
9750,7917
9751,1673
9752,1519
9753,3526
9754,6120
9755,8272
9756,1338
9757,188
9758,9710
9759,8388
9760,1721
9761,8966
9762,3685
9763,5221
9764,707
9765,658
9766,1830
9767,619
9768,8200
9769,8841
9770,2518
9771,4252
9772,597
9773,9077
9774,5271
9775,67
9776,562
9777,9128
9778,2347
9779,1339
9780,7144
9781,9363
9782,8041
9783,9024
9784,1194
9785,2282
9786,8906
9787,1966
9788,4098
9789,470
9790,6186
9791,6420
9792,9506
9793,7934
9794,9673
9795,5397
9796,6581
9797,2314
9798,9891
9799,2823
9800,298
9801,5913
9802,1033
9803,727
9804,8316
9805,7018
9806,8819
9807,4080
9808,1652
9809,1500
9810,2599
9811,7500
9812,7215
9813,1668
9814,4339
9815,9143
9816,6414
9817,5870
9818,468
9819,6890
9820,4946
9821,7685
9822,5423
9823,3310
9824,5703
9825,4703
9826,1541
9827,2484
9828,3168
9829,5775
9830,8561
9831,4974
9832,7862
9833,3584
9834,8100
9835,9513
9836,7160
9837,1795
9838,8458
9839,3211
9840,6934
9841,861
9842,1575
9843,7317
9844,6094
9845,885
9846,8645
9847,5292
9848,8773
9849,9616
9850,6469
9851,484
9852,3415
9853,645
9854,1492
9855,6500
9856,6336
9857,6361
9858,9717
9859,3907
9860,2326
9861,3304
9862,4520
9863,7120
9864,5110
9865,6862
9866,6470
9867,3271
9868,659
9869,6257
9870,8710
9871,9609
9872,9856
9873,8506
9874,3070
9875,764
9876,6786
9877,6415
9878,5728
9879,3504
9880,9233
9881,3565
9882,9010
9883,6385
9884,1045
9885,7483
9886,4084
9887,2039
9888,534
9889,4244
9890,4191
9891,5573
9892,24
9893,3809
9894,7451
9895,8939
9896,7043
9897,9836
9898,3441
9899,1702
9900,831
9901,2010
9902,7901
9903,3451
9904,9647
9905,8360
9906,3478
9907,371
9908,8770
9909,2270
9910,9295
9911,6872
9912,6410
9913,336
9914,8597
9915,5347
9916,1222
9917,8341
9918,6286
9919,1271
9920,1817
9921,535
9922,1420
9923,6802
9924,4301
9925,430
9926,2126
9927,4118
9928,1586
9929,5276
9930,6760
9931,2214
9932,6017
9933,7038
9934,3158
9935,246
9936,9283
9937,9203
9938,6365
9939,1912
9940,9926
9941,6823
9942,3259
9943,6931
9944,9168
9945,3842
9946,3684
9947,6024
9948,6650
9949,5431
9950,339
9951,964
9952,883
9953,6106
9954,8515
9955,111
9956,3292
9957,9377
9958,7401
9959,9882
9960,4471
9961,3263
9962,1825
9963,4071
9964,670
9965,1010
9966,8399
9967,6096
9968,527
9969,236
9970,7729
9971,9643
9972,8540
9973,1945
9974,3027
9975,4330
9976,7041
9977,7021
9978,2108
9979,8412
9980,3351
9981,6456
9982,2951
9983,60
9984,4494
9985,3949
9986,441
9987,7039
9988,2263
9989,1937
9990,8625
9991,4338
9992,511
9993,2210
9994,1923
9995,3008
9996,8108
9997,6025
9998,8854
9999,7811
10000,4285
