Rank,Card
1,1
2,2
3,3
4,1000
5,10000
6,2435
7,3100
8,7999
9,1277
10,3005
11,5259
12,231
13,6792
14,3221
15,4387
16,3697
17,4132
18,2737
19,6864
20,7140
21,9148
22,3800
23,9991
24,8683
25,4450
26,1293
27,9874
28,8048
29,722
30,6344
31,4063
32,7413
33,3986
34,3832
35,9851
36,7310
37,2490
38,6279
39,6546
40,2362
41,9967
42,7716
43,8505
44,4554
45,584
46,9486
47,3008
48,1254
49,8245
50,9394
51,5309
52,6921
53,7964
54,2504
55,9209
56,6784
57,8425
58,5921
59,1321
60,2136
61,401
62,6470
63,8329
64,8869
65,4920
66,5232
67,6005
68,8484
69,7243
70,9229
71,3475
72,2157
73,700
74,348
75,8986
76,8670
77,6000
78,1313
79,5111
80,9001
81,3552
82,4973
83,8448
84,5663
85,421
86,1121
87,2928
88,6418
89,2560
90,2976
91,6408
92,6234
93,9632
94,4805
95,2615
96,5735
97,9144
98,7771
99,6441
100,6677
101,3132
102,6195
103,873
104,7777
105,2112
106,1746
107,7309
108,5191
109,9013
110,5522
111,9821
112,4792
113,2767
114,7668
115,7739
116,4814
117,459
118,5540
119,8823
120,2962
121,9525
122,3403
123,4858
124,3710
125,2550
126,1846
127,2945
128,8649
129,394
130,8767
131,9600
132,8711
133,5967
134,6001
135,3581
136,704
137,9721
138,3934
139,588
140,306
141,5910
142,5632
143,5702
144,3329
145,6219
146,612
147,1795
148,3461
149,591
150,662
151,1161
152,7585
153,1822
154,4276
155,8538
156,2967
157,8602
158,5416
159,6365
160,7286
161,6253
162,8834
163,7834
164,9366
165,9239
166,840
167,1168
168,4574
169,8225
170,811
171,209
172,4313
173,2758
174,8102
175,2127
176,7985
177,6541
178,6651
179,6422
180,3838
181,9017
182,9656
183,4461
184,9814
185,7602
186,5954
187,8370
188,6095
189,5917
190,5509
191,2189
192,6529
193,7840
194,3467
195,7490
196,4407
197,2045
198,198
199,4357
200,894
201,3113
202,6570
203,6982
204,9377
205,1485
206,3178
207,9812
208,1299
209,7506
210,9940
211,8196
212,7680
213,3313
214,8619
215,4662
216,9635
217,3957
218,7260
219,5307
220,7269
221,6802
222,7085
223,1670
224,1741
225,8971
226,6544
227,8415
228,9126
229,6988
230,5313
231,5487
232,5005
233,9910
234,8741
235,5460
236,192
237,6655
238,7404
239,7673
240,3649
241,5161
242,699
243,9680
244,7962
245,3976
246,8793
247,2779
248,3518
249,7050
250,7298
251,1519
252,7552
253,928
254,5651
255,2306
256,6763
257,1358
258,7880
259,4084
260,2524
261,8426
262,5133
263,3813
264,4415
265,4437
266,5219
267,7652
268,1953
269,5249
270,7122
271,3286
272,9773
273,5304
274,6413
275,5698
276,8610
277,6500
278,1586
279,5700
280,7425
281,4018
282,5541
283,350
284,6146
285,8923
286,3146
287,2404
288,6592
289,4218
290,9275
291,4796
292,2484
293,1472
294,7963
295,5508
296,3180
297,1097
298,4862
299,8650
300,2646
301,6608
302,5046
303,9543
304,7210
305,4029
306,3980
307,7474
308,8605
309,8397
310,7473
311,1467
312,3824
313,6636
314,9454
315,6187
316,1004
317,2447
318,2993
319,3250
320,7879
321,9744
322,9888
323,9619
324,9617
325,4340
326,6423
327,6589
328,8730
329,6714
330,6678
331,376
332,7572
333,8513
334,4370
335,5718
336,3439
337,9662
338,8671
339,6080
340,6059
341,8214
342,2313
343,8927
344,1236
345,3387
346,1456
347,4445
348,5833
349,3419
350,9273
351,6516
352,1610
353,7532
354,4022
355,7959
356,8430
357,6767
358,6458
359,6672
360,7118
361,870
362,2137
363,5245
364,432
365,5383
366,6345
367,3192
368,4494
369,6088
370,7738
371,2035
372,2340
373,4809
374,8352
375,9442
376,2721
377,4989
378,7842
379,4763
380,5737
381,4374
382,1144
383,492
384,1770
385,4294
386,5791
387,9492
388,2518
389,7763
390,8043
391,5657
392,6835
393,2353
394,4071
395,6870
396,1627
397,1603
398,1936
399,6867
400,6850
401,8384
402,2277
403,8427
404,4023
405,7038
406,3125
407,4980
408,3173
409,8736
410,6812
411,6894
412,7273
413,7228
414,702
415,9848
416,293
417,4090
418,7007
419,5448
420,9435
421,4913
422,3781
423,4247
424,6723
425,481
426,1541
427,8828
428,1410
429,1800
430,6373
431,2066
432,6013
433,6343
434,1241
435,9280
436,5483
437,3625
438,5089
439,757
440,5043
441,7059
442,8146
443,3513
444,4217
445,4020
446,2058
447,7105
448,4239
449,2204
450,7618
451,6927
452,9061
453,4373
454,7121
455,4665
456,4893
457,5677
458,9541
459,5168
460,2072
461,6425
462,9251
463,3795
464,8912
465,247
466,3126
467,9468
468,119
469,5866
470,9580
471,6
472,822
473,6684
474,5678
475,3219
476,4624
477,9887
478,9749
479,1811
480,170
481,2897
482,4095
483,4173
484,368
485,1223
486,1469
487,349
488,7703
489,646
490,4533
491,1679
492,6283
493,8325
494,8006
495,4884
496,2784
497,1428
498,4654
499,2207
500,5172
501,8992
502,1401
503,4236
504,1661
505,3502
506,2639
507,3372
508,2230
509,2442
510,3702
511,6625
512,5358
513,8884
514,1329
515,8668
516,5946
517,9547
518,7594
519,169
520,5400
521,1612
522,3790
523,4358
524,9342
525,8335
526,3763
527,4129
528,5909
529,2176
530,6952
531,3533
532,5212
533,7689
534,8383
535,9825
536,2692
537,1564
538,6112
539,20
540,3741
541,7525
542,1201
543,4632
544,9440
545,4053
546,1092
547,2756
548,2477
549,6555
550,5816
551,2479
552,3960
553,1845
554,6834
555,4103
556,898
557,2590
558,2941
559,2339
560,6742
561,4511
562,8113
563,74
564,7846
565,1673
566,8077
567,7330
568,5587
569,8875
570,2240
571,2679
572,6842
573,9157
574,5239
575,9466
576,5458
577,3678
578,2116
579,9166
580,7902
581,1901
582,551
583,8734
584,4821
585,7183
586,5332
587,1375
588,4870
589,7718
590,3308
591,4888
592,3555
593,240
594,7327
595,5052
596,2460
597,7831
598,3062
599,3364
600,8525
601,1702
602,872
603,8065
604,3798
605,2365
606,3346
607,5119
608,7405
609,4307
610,3292
611,4291
612,5199
613,4011
614,8844
615,5524
616,7762
617,2000
618,8611
619,4735
620,1140
621,5200
622,7526
623,7483
624,1036
625,9735
626,4480
627,1297
628,5202
629,4169
630,2361
631,3280
632,9467
633,6468
634,1253
635,4220
636,6926
637,7017
638,1909
639,1089
640,8331
641,4959
642,7029
643,6048
644,9648
645,2187
646,3033
647,8837
648,3722
649,2956
650,6178
651,801
652,6700
653,1877
654,8812
655,8717
656,3031
657,619
658,6261
659,267
660,8535
661,129
662,3118
663,5945
664,8080
665,1677
666,6830
667,1583
668,8309
669,6658
670,2750
671,8771
672,8433
673,3377
674,7088
675,7372
676,989
677,1192
678,1672
679,4769
680,2251
681,5338
682,8581
683,3931
684,3384
685,531
686,8009
687,3097
688,6644
689,5809
690,452
691,5772
692,2899
693,6795
694,4688
695,1106
696,3320
697,5884
698,9097
699,7185
700,123
701,6580
702,100
703,586
704,7389
705,7950
706,813
707,9998
708,9057
709,5050
710,8377
711,4925
712,8357
713,995
714,128
715,3936
716,7338
717,9208
718,9535
719,2820
720,7554
721,3524
722,2894
723,1163
724,3124
725,9933
726,7869
727,9569
728,8774
729,8776
730,937
731,2887
732,5209
733,6022
734,2838
735,2749
736,9756
737,4314
738,832
739,2358
740,1840
741,3147
742,6519
743,5543
744,1151
745,3564
746,4955
747,5767
748,4205
749,2385
750,2709
751,2726
752,4525
753,1263
754,4288
755,1961
756,5727
757,3107
758,7460
759,9451
760,2069
761,2960
762,7603
763,9117
764,8901
765,6796
766,457
767,1681
768,2522
769,4875
770,3756
771,5334
772,3463
773,9334
774,9946
775,1093
776,6272
777,3142
778,6421
779,8918
780,9452
781,4708
782,735
783,6736
784,7633
785,8382
786,8860
787,9951
788,5853
789,8078
790,8530
791,9221
792,4831
793,9576
794,1162
795,6562
796,7600
797,4225
798,8010
799,4252
800,1520
801,6779
802,6695
803,9598
804,9987
805,2351
806,83
807,858
808,5160
809,9114
810,5872
811,1535
812,1035
813,552
814,4355
815,7363
816,2098
817,3866
818,2630
819,7323
820,3201
821,107
822,4713
823,631
824,7415
825,9402
826,7040
827,9537
828,1708
829,4212
830,8492
831,1351
832,1950
833,6050
834,6523
835,229
836,4419
837,5455
838,357
839,7395
840,1075
841,8764
842,5697
843,8015
844,9934
845,1406
846,5635
847,1408
848,359
849,4953
850,1714
851,1576
852,7109
853,9876
854,9510
855,7452
856,2984
857,6155
858,313
859,763
860,3407
861,3128
862,7957
863,6143
864,6282
865,9701
866,5605
867,429
868,1752
869,6505
870,9140
871,7730
872,5054
873,4750
874,5370
875,9667
876,9401
877,1784
878,8403
879,9365
880,607
881,8480
882,5952
883,4834
884,9627
885,3912
886,5822
887,3222
888,3787
889,8655
890,2848
891,2043
892,3558
893,3685
894,9050
895,5192
896,5582
897,2263
898,9703
899,4292
900,2841
901,8752
902,7324
903,58
904,4894
905,7776
906,8899
907,9574
908,7923
909,712
910,9355
911,1194
912,409
913,7591
914,3423
915,3450
916,3233
917,9533
918,6490
919,3754
920,9512
921,3406
922,7679
923,5703
924,3642
925,1688
926,901
927,249
928,767
929,6049
930,2684
931,6916
932,574
933,6606
934,8792
935,6727
936,4140
937,7145
938,855
939,7420
940,4901
941,6083
942,4657
943,1016
944,7900
945,1418
946,4158
947,6923
948,8108
949,3045
950,8628
951,6471
952,9026
953,8687
954,9412
955,7496
956,341
957,683
958,833
959,388
960,7823
961,3651
962,2343
963,1768
964,7528
965,4580
966,6110
967,5469
968,8020
969,7563
970,8011
971,2131
972,6139
973,8582
974,6402
975,2354
976,4607
977,5135
978,2773
979,1547
980,719
981,3251
982,1902
983,9046
984,9464
985,8700
986,1549
987,9872
988,6764
989,2182
990,8323
991,6863
992,8542
993,1057
994,4745
995,3301
996,853
997,3974
998,9961
999,6275
1000,5496
1001,738
1002,7427
1003,8404
1004,2179
1005,2612
1006,1395
1007,8707
1008,1174
1009,3013
1010,4449
1011,4931
1012,6974
1013,3994
1014,65
1015,867
1016,3837
1017,8831
1018,6530
1019,2314
1020,6773
1021,98
1022,466
1023,5617
1024,7258
1025,665
1026,6975
1027,1555
1028,4345
1029,8477
1030,4082
1031,8041
1032,2318
1033,1825
1034,8784
1035,1821
1036,4455
1037,554
1038,1837
1039,4031
1040,5414
1041,8657
1042,382
1043,7650
1044,2322
1045,8177
1046,8027
1047,6230
1048,1997
1049,6489
1050,6531
1051,2450
1052,4242
1053,7082
1054,3140
1055,610
1056,1686
1057,7367
1058,1728
1059,8176
1060,9207
1061,1489
1062,6524
1063,765
1064,762
1065,6813
1066,2493
1067,2341
1068,140
1069,4369
1070,5719
1071,8777
1072,1062
1073,3284
1074,8712
1075,1647
1076,7714
1077,7401
1078,310
1079,4760
1080,9782
1081,9604
1082,6096
1083,2391
1084,7615
1085,3216
1086,4010
1087,6924
1088,5567
1089,4435
1090,9338
1091,7991
1092,6935
1093,6105
1094,7356
1095,1504
1096,3373
1097,8500
1098,9385
1099,7313
1100,6950
1101,127
1102,4304
1103,9303
1104,1949
1105,8028
1106,2736
1107,5244
1108,8894
1109,3468
1110,146
1111,465
1112,8296
1113,5757
1114,6196
1115,6888
1116,7274
1117,8941
1118,993
1119,99
1120,1038
1121,9034
1122,8344
1123,7645
1124,8485
1125,5876
1126,7719
1127,5730
1128,5193
1129,8414
1130,1376
1131,7630
1132,1910
1133,5021
1134,5079
1135,7546
1136,1461
1137,3294
1138,4559
1139,4578
1140,7734
1141,2062
1142,1611
1143,3548
1144,2555
1145,2208
1146,3876
1147,4331
1148,806
1149,8806
1150,4667
1151,1898
1152,4100
1153,2571
1154,7584
1155,5631
1156,8902
1157,7224
1158,9033
1159,624
1160,8680
1161,6314
1162,7044
1163,2842
1164,9390
1165,5748
1166,3323
1167,5888
1168,1343
1169,8529
1170,5553
1171,5028
1172,1810
1173,3882
1174,6748
1175,7617
1176,5578
1177,3263
1178,4502
1179,5863
1180,7948
1181,2746
1182,5392
1183,6874
1184,6841
1185,1055
1186,984
1187,5008
1188,6791
1189,159
1190,3716
1191,6514
1192,2028
1193,1747
1194,6846
1195,113
1196,1362
1197,2249
1198,2222
1199,8881
1200,745
1201,453
1202,8804
1203,3311
1204,9386
1205,42
1206,9761
1207,3305
1208,4262
1209,8789
1210,9288
1211,5922
1212,8999
1213,7037
1214,9068
1215,9011
1216,9345
1217,2537
1218,6254
1219,5434
1220,9443
1221,2109
1222,5106
1223,4740
1224,5211
1225,2796
1226,8467
1227,4768
1228,6406
1229,8173
1230,4855
1231,6251
1232,3545
1233,9890
1234,1665
1235,393
1236,3016
1237,8160
1238,9397
1239,8519
1240,3187
1241,7476
1242,938
1243,2090
1244,4249
1245,577
1246,6039
1247,1178
1248,1740
1249,3849
1250,413
1251,5015
1252,7864
1253,2861
1254,3731
1255,9590
1256,5583
1257,8576
1258,6561
1259,7742
1260,7789
1261,8156
1262,8879
1263,9420
1264,486
1265,919
1266,4752
1267,2641
1268,4135
1269,4164
1270,8337
1271,2250
1272,6200
1273,7064
1274,7907
1275,4091
1276,9326
1277,9414
1278,3902
1279,8450
1280,8751
1281,5077
1282,4203
1283,178
1284,6522
1285,2297
1286,7227
1287,4127
1288,7678
1289,3531
1290,3609
1291,2792
1292,4490
1293,5317
1294,3473
1295,8054
1296,4346
1297,4598
1298,4833
1299,6650
1300,9048
1301,2326
1302,7524
1303,7032
1304,9446
1305,345
1306,1954
1307,126
1308,1544
1309,4359
1310,8877
1311,1021
1312,6662
1313,6323
1314,585
1315,503
1316,8123
1317,2951
1318,5465
1319,6090
1320,7765
1321,2672
1322,6621
1323,4496
1324,788
1325,6126
1326,9741
1327,7320
1328,5997
1329,7580
1330,3488
1331,575
1332,4431
1333,8773
1334,9022
1335,290
1336,4552
1337,5785
1338,3880
1339,7576
1340,8540
1341,311
1342,976
1343,9982
1344,7567
1345,3088
1346,4456
1347,6326
1348,9269
1349,1705
1350,7822
1351,1407
1352,1580
1353,4994
1354,150
1355,2307
1356,4398
1357,9905
1358,9064
1359,8351
1360,3688
1361,6876
1362,5638
1363,1730
1364,5731
1365,9507
1366,7722
1367,6415
1368,668
1369,7932
1370,9754
1371,2618
1372,7475
1373,8732
1374,622
1375,4762
1376,2642
1377,2977
1378,2151
1379,8391
1380,7142
1381,8630
1382,9882
1383,9331
1384,1652
1385,505
1386,1903
1387,3163
1388,8934
1389,7056
1390,3789
1391,3940
1392,6855
1393,9493
1394,5701
1395,5958
1396,3854
1397,8093
1398,3386
1399,5264
1400,691
1401,7416
1402,6242
1403,7489
1404,9679
1405,4979
1406,8194
1407,1861
1408,291
1409,5692
1410,6944
1411,7255
1412,2007
1413,2549
1414,5310
1415,9214
1416,6215
1417,7894
1418,1937
1419,2707
1420,4080
1421,1525
1422,3582
1423,7582
1424,2438
1425,9171
1426,1181
1427,8790
1428,5196
1429,5411
1430,5261
1431,2171
1432,3277
1433,5090
1434,2891
1435,3204
1436,718
1437,4557
1438,4820
1439,5115
1440,4106
1441,6873
1442,533
1443,2448
1444,2021
1445,991
1446,194
1447,5041
1448,7102
1449,2535
1450,5559
1451,8615
1452,9193
1453,4921
1454,7661
1455,4044
1456,8626
1457,2113
1458,4778
1459,7201
1460,5087
1461,5889
1462,1697
1463,9716
1464,4347
1465,1720
1466,2724
1467,4699
1468,9363
1469,4244
1470,4397
1471,8859
1472,2280
1473,7723
1474,2398
1475,2942
1476,6416
1477,3438
1478,1958
1479,6464
1480,3893
1481,5959
1482,2654
1483,2588
1484,5020
1485,3194
1486,4774
1487,2594
1488,3025
1489,5734
1490,6206
1491,6579
1492,318
1493,2742
1494,2523
1495,7646
1496,4473
1497,9413
1498,2360
1499,543
1500,4448
1501,6775
1502,6989
1503,8528
1504,3048
1505,7926
1506,3686
1507,4344
1508,3764
1509,8544
1510,3526
1511,9183
1512,7078
1513,6205
1514,9950
1515,5827
1516,9962
1517,1897
1518,3082
1519,916
1520,6451
1521,6716
1522,9113
1523,5978
1524,6208
1525,9611
1526,9500
1527,3157
1528,3966
1529,8206
1530,5975
1531,5710
1532,9846
1533,1872
1534,3927
1535,9742
1536,5388
1537,9476
1538,3846
1539,1777
1540,1907
1541,4956
1542,2911
1543,5321
1544,2053
1545,6213
1546,8208
1547,2231
1548,4543
1549,1633
1550,2392
1551,9700
1552,4758
1553,4325
1554,5333
1555,640
1556,2462
1557,1318
1558,7651
1559,7579
1560,2075
1561,7071
1562,8287
1563,7540
1564,1803
1565,1817
1566,3921
1567,8072
1568,3027
1569,6808
1570,6557
1571,2772
1572,6226
1573,4361
1574,9354
1575,1783
1576,3341
1577,2300
1578,2872
1579,5640
1580,7482
1581,9695
1582,4918
1583,2961
1584,2495
1585,516
1586,7068
1587,8398
1588,8317
1589,9834
1590,4083
1591,4335
1592,5864
1593,8575
1594,9504
1595,673
1596,5500
1597,1988
1598,7268
1599,2105
1600,9475
1601,2855
1602,7349
1603,4028
1604,8639
1605,9899
1606,7061
1607,5345
1608,6432
1609,6319
1610,1510
1611,9565
1612,3371
1613,1786
1614,4026
1615,9327
1616,6628
1617,5649
1618,443
1619,9236
1620,820
1621,1774
1622,5895
1623,9473
1624,5154
1625,6753
1626,5276
1627,1606
1628,3158
1629,6697
1630,8121
1631,5229
1632,721
1633,3636
1634,7281
1635,669
1636,8797
1637,4248
1638,3520
1639,9407
1640,1911
1641,4551
1642,905
1643,3374
1644,8235
1645,1247
1646,7181
1647,6211
1648,9643
1649,6837
1650,1303
1651,4988
1652,8827
1653,5482
1654,3765
1655,8550
1656,4514
1657,2279
1658,6627
1659,6256
1660,2912
1661,8290
1662,805
1663,654
1664,8145
1665,7741
1666,7486
1667,6163
1668,1941
1669,4427
1670,7686
1671,5381
1672,1689
1673,1142
1674,3529
1675,6002
1676,6836
1677,8987
1678,7111
1679,7599
1680,1459
1681,5266
1682,1629
1683,9054
1684,4686
1685,556
1686,6293
1687,7391
1688,9557
1689,4691
1690,9243
1691,101
1692,6765
1693,1130
1694,3034
1695,8633
1696,6868
1697,9839
1698,6245
1699,3624
1700,3705
1701,9559
1702,5454
1703,300
1704,2405
1705,3969
1706,9646
1707,3652
1708,7853
1709,5138
1710,1129
1711,5130
1712,3601
1713,3209
1714,3584
1715,4073
1716,4853
1717,7925
1718,404
1719,4493
1720,7443
1721,5512
1722,1377
1723,6972
1724,1305
1725,130
1726,8705
1727,1231
1728,2039
1729,5691
1730,1512
1731,141
1732,6854
1733,4482
1734,8169
1735,125
1736,6238
1737,2238
1738,3485
1739,3956
1740,4232
1741,3935
1742,4781
1743,7604
1744,5210
1745,5361
1746,8259
1747,1657
1748,2753
1749,3551
1750,9410
1751,6003
1752,1176
1753,6705
1754,9563
1755,2120
1756,8568
1757,9647
1758,3054
1759,7143
1760,4729
1761,2049
1762,1085
1763,5672
1764,7263
1765,9963
1766,2831
1767,6141
1768,9995
1769,7660
1770,2694
1771,9759
1772,59
1773,425
1774,8761
1775,4770
1776,2486
1777,1443
1778,2865
1779,7613
1780,5407
1781,3398
1782,7791
1783,160
1784,8669
1785,5175
1786,5171
1787,5195
1788,9935
1789,8815
1790,2668
1791,8422
1792,3943
1793,5906
1794,7578
1795,4302
1796,8838
1797,8578
1798,2437
1799,3095
1800,3240
1801,2585
1802,1399
1803,8444
1804,1852
1805,4488
1806,5074
1807,3448
1808,5968
1809,9231
1810,1946
1811,6331
1812,8305
1813,564
1814,4513
1815,1538
1816,7156
1817,8850
1818,3197
1819,6478
1820,793
1821,1660
1822,4577
1823,5240
1824,2600
1825,2516
1826,7226
1827,4990
1828,6904
1829,6567
1830,5763
1831,9728
1832,6321
1833,8437
1834,6065
1835,7850
1836,4776
1837,5069
1838,3808
1839,6614
1840,8921
1841,1724
1842,4060
1843,9942
1844,5883
1845,7471
1846,5741
1847,1605
1848,3629
1849,6849
1850,2014
1851,8058
1852,5341
1853,8960
1854,1779
1855,2822
1856,4274
1857,7696
1858,4295
1859,3594
1860,8442
1861,63
1862,4746
1863,8315
1864,4390
1865,6940
1866,7335
1867,224
1868,2799
1869,4617
1870,8098
1871,3349
1872,6299
1873,4267
1874,36
1875,869
1876,5869
1877,463
1878,6964
1879,8829
1880,5733
1881,6325
1882,7209
1883,7410
1884,6087
1885,4175
1886,525
1887,4950
1888,4005
1889,8241
1890,3621
1891,9567
1892,1335
1893,5641
1894,4453
1895,6976
1896,2932
1897,450
1898,7929
1899,8903
1900,1781
1901,8386
1902,4016
1903,8937
1904,4237
1905,1968
1906,7172
1907,1971
1908,3693
1909,2599
1910,7006
1911,8112
1912,9902
1913,223
1914,5681
1915,4336
1916,4411
1917,9485
1918,8228
1919,4777
1920,2268
1921,5204
1922,3700
1923,8750
1924,844
1925,2608
1926,3801
1927,1775
1928,7860
1929,8532
1930,2470
1931,9367
1932,454
1933,6462
1934,6632
1935,5839
1936,8119
1937,9915
1938,6134
1939,8125
1940,9436
1941,8818
1942,3814
1943,7882
1944,3262
1945,4520
1946,7531
1947,723
1948,3691
1949,9096
1950,4813
1951,7778
1952,3645
1953,1671
1954,7656
1955,8293
1956,8933
1957,2632
1958,1135
1959,7433
1960,2953
1961,7394
1962,1908
1963,4902
1964,6078
1965,1191
1966,5507
1967,4305
1968,1761
1969,6851
1970,9002
1971,6987
1972,8756
1973,8334
1974,3928
1975,2914
1976,4459
1977,663
1978,9453
1979,355
1980,8675
1981,1425
1982,6399
1983,6713
1984,1939
1985,9392
1986,3773
1987,4587
1988,7497
1989,4290
1990,4698
1991,2006
1992,952
1993,4957
1994,6193
1995,7218
1996,6185
1997,2818
1998,1561
1999,9508
2000,4286
2001,4563
2002,3834
2003,5630
2004,3903
2005,6320
2006,1879
2007,1868
2008,1043
2009,5729
2010,6228
2011,7479
2012,6768
2013,8728
2014,6676
2015,9938
2016,2541
2017,830
2018,2901
2019,9258
2020,4443
2021,297
2022,4938
2023,9259
2024,2854
2025,7542
2026,7047
2027,8350
2028,9491
2029,1888
2030,1532
2031,3501
2032,7422
2033,5573
2034,5311
2035,5405
2036,3511
2037,2598
2038,6032
2039,7337
2040,8664
2041,2917
2042,3109
2043,2839
2044,3023
2045,1951
2046,5644
2047,8870
2048,6026
2049,3739
2050,9852
2051,8560
2052,9891
2053,1139
2054,6806
2055,458
2056,7971
2057,7799
2058,3496
2059,7481
2060,6142
2061,777
2062,202
2063,4641
2064,4465
2065,4597
2066,6823
2067,1307
2068,3706
2069,9687
2070,3674
2071,4463
2072,1126
2073,271
2074,1014
2075,8526
2076,6844
2077,9487
2078,315
2079,7610
2080,7393
2081,728
2082,9532
2083,7437
2084,3058
2085,3646
2086,9317
2087,4148
2088,8260
2089,2370
2090,3844
2091,4911
2092,479
2093,1431
2094,9799
2095,3480
2096,3668
2097,1890
2098,9911
2099,1024
2100,6018
2101,4363
2102,2874
2103,8935
2104,1108
2105,4874
2106,8556
2107,8718
2108,6866
2109,9230
2110,8301
2111,5287
2112,2029
2113,3665
2114,5879
2115,1020
2116,1308
2117,8496
2118,8300
2119,769
2120,5948
2121,3069
2122,2388
2123,5669
2124,3492
2125,9757
2126,878
2127,4241
2128,8800
2129,8648
2130,6158
2131,4664
2132,2802
2133,7538
2134,3576
2135,9472
2136,3244
2137,770
2138,626
2139,914
2140,3170
2141,8295
2142,736
2143,4725
2144,7764
2145,7890
2146,6395
2147,2625
2148,3321
2149,5036
2150,8075
2151,8656
2152,2041
2153,8210
2154,752
2155,2284
2156,2744
2157,2923
2158,4605
2159,5059
2160,8031
2161,9159
2162,2676
2163,8238
2164,5765
2165,6067
2166,6347
2167,773
2168,1379
2169,5004
2170,3242
2171,8362
2172,1556
2173,3534
2174,5955
2175,3010
2176,3979
2177,7179
2178,1342
2179,3865
2180,3099
2181,1945
2182,6997
2183,4041
2184,9419
2185,6566
2186,5103
2187,3603
2188,9432
2189,7101
2190,5494
2191,4434
2192,544
2193,8574
2194,1502
2195,6420
2196,9608
2197,3562
2198,4648
2199,8567
2200,9575
2201,3998
2202,818
2203,5885
2204,2643
2205,4890
2206,1969
2207,3662
2208,1066
2209,7684
2210,3268
2211,7556
2212,4110
2213,8094
2214,8910
2215,6166
2216,3289
2217,6054
2218,639
2219,4791
2220,8527
2221,9065
2222,7190
2223,2065
2224,3399
2225,5756
2226,3888
2227,546
2228,502
2229,5456
2230,320
2231,5252
2232,9340
2233,2433
2234,8388
2235,1465
2236,9697
2237,4424
2238,2548
2239,1077
2240,1218
2241,4892
2242,6391
2243,8889
2244,3967
2245,8715
2246,4039
2247,3916
2248,8019
2249,6673
2250,9714
2251,444
2252,1138
2253,9689
2254,4019
2255,8180
2256,5163
2257,593
2258,8247
2259,695
2260,8564
2261,9172
2262,3350
2263,685
2264,7295
2265,1122
2266,1850
2267,2533
2268,3026
2269,9516
2270,7285
2271,51
2272,524
2273,7094
2274,6852
2275,6029
2276,3272
2277,7887
2278,3072
2279,7938
2280,3477
2281,5938
2282,49
2283,8378
2284,9311
2285,3336
2286,9149
2287,1906
2288,888
2289,8674
2290,6249
2291,6098
2292,5354
2293,2813
2294,710
2295,6577
2296,9297
2297,1333
2298,5819
2299,9088
2300,1427
2301,8645
2302,9579
2303,5472
2304,3673
2305,2325
2306,4600
2307,3521
2308,9637
2309,9977
2310,862
2311,2423
2312,3469
2313,4030
2314,5435
2315,6427
2316,4751
2317,9527
2318,5131
2319,3778
2320,5653
2321,5235
2322,9937
2323,7362
2324,8686
2325,3447
2326,3018
2327,4825
2328,4676
2329,2292
2330,6367
2331,1131
2332,7830
2333,8116
2334,7207
2335,1172
2336,4545
2337,5176
2338,8209
2339,8845
2340,3182
2341,7605
2342,2051
2343,996
2344,5764
2345,1244
2346,1440
2347,4876
2348,3753
2349,2857
2350,2514
2351,4879
2352,37
2353,7002
2354,4978
2355,549
2356,2170
2357,3042
2358,3855
2359,262
2360,9115
2361,4565
2362,4501
2363,9328
2364,1742
2365,4815
2366,3724
2367,4895
2368,1279
2369,8347
2370,9897
2371,85
2372,9901
2373,1965
2374,4426
2375,5603
2376,7805
2377,5766
2378,886
2379,565
2380,1344
2381,4209
2382,6093
2383,1239
2384,1940
2385,6558
2386,823
2387,9531
2388,8321
2389,208
2390,4284
2391,3234
2392,1392
2393,7501
2394,9433
2395,6704
2396,321
2397,734
2398,7025
2399,8101
2400,1509
2401,9730
2402,4830
2403,998
2404,6168
2405,2717
2406,2916
2407,4850
2408,328
2409,5581
2410,6706
2411,12
2412,8915
2413,8226
2414,7704
2415,7755
2416,5890
2417,3040
2418,1675
2419,2380
2420,670
2421,754
2422,5514
2423,8972
2424,5870
2425,7861
2426,6803
2427,7883
2428,5574
2429,9014
2430,264
2431,4072
2432,1195
2433,5842
2434,950
2435,8001
2436,1848
2437,978
2438,8552
2439,422
2440,7848
2441,861
2442,9052
2443,6848
2444,1261
2445,2614
2446,3202
2447,5865
2448,9593
2449,751
2450,7119
2451,1912
2452,5723
2453,7725
2454,4219
2455,1015
2456,6491
2457,6761
2458,966
2459,4947
2460,6466
2461,2567
2462,5357
2463,2703
2464,5987
2465,5303
2466,6814
2467,7347
2468,2768
2469,8906
2470,2419
2471,3359
2472,4055
2473,7042
2474,3115
2475,4323
2476,104
2477,8298
2478,1709
2479,2413
2480,4271
2481,5534
2482,4013
2483,4260
2484,6012
2485,2832
2486,6629
2487,4851
2488,1847
2489,7220
2490,7760
2491,5436
2492,3828
2493,1706
2494,487
2495,6911
2496,7493
2497,2301
2498,4371
2499,5243
2500,183
2501,2130
2502,9624
2503,9640
2504,2440
2505,4492
2506,8799
2507,5297
2508,3133
2509,6291
2510,1717
2511,6780
2512,987
2513,1424
2514,8288
2515,7341
2516,7352
2517,1366
2518,3926
2519,2890
2520,5012
2521,1731
2522,5957
2523,1446
2524,2092
2525,1725
2526,8722
2527,2991
2528,9779
2529,951
2530,1207
2531,8461
2532,7022
2533,7981
2534,3345
2535,1030
2536,787
2537,1402
2538,1240
2539,1050
2540,5468
2541,5083
2542,936
2543,2657
2544,4184
2545,5821
2546,6602
2547,5628
2548,2575
2549,4269
2550,1833
2551,9133
2552,5300
2553,907
2554,9038
2555,3228
2556,7914
2557,6688
2558,6826
2559,8643
2560,8709
2561,8232
2562,7301
2563,8994
2564,4924
2565,4960
2566,6605
2567,377
2568,7359
2569,3878
2570,4634
2571,5480
2572,1598
2573,6317
2574,8997
2575,5270
2576,6711
2577,1044
2578,6207
2579,8268
2580,2860
2581,1831
2582,9252
2583,2706
2584,6692
2585,4832
2586,7662
2587,3945
2588,5057
2589,5531
2590,7583
2591,8813
2592,3229
2593,5273
2594,720
2595,1915
2596,1999
2597,3297
2598,4162
2599,4987
2600,3249
2601,4317
2602,3990
2603,9815
2604,13
2605,174
2606,3683
2607,4983
2608,8457
2609,9631
2610,5330
2611,7833
2612,9981
2613,2943
2614,7133
2615,5746
2616,8399
2617,3915
2618,263
2619,4160
2620,8071
2621,1828
2622,3906
2623,4910
2624,5572
2625,2099
2626,725
2627,8917
2628,2210
2629,3417
2630,7713
2631,750
2632,9358
2633,7438
2634,2730
2635,3586
2636,7144
2637,4037
2638,9400
2639,9661
2640,5078
2641,9240
2642,655
2643,3579
2644,7125
2645,8152
2646,7074
2647,9610
2648,1726
2649,1932
2650,8916
2651,4584
2652,4840
2653,5198
2654,6601
2655,2640
2656,2696
2657,4354
2658,739
2659,7020
2660,7927
2661,7442
2662,6754
2663,7465
2664,2662
2665,4316
2666,5615
2667,8755
2668,5174
2669,7884
2670,158
2671,7402
2672,2138
2673,1234
2674,6144
2675,4606
2676,2485
2677,4421
2678,2711
2679,809
2680,4712
2681,5633
2682,3432
2683,6772
2684,4356
2685,9206
2686,1529
2687,4441
2688,7264
2689,9409
2690,9664
2691,7644
2692,8481
2693,9434
2694,8983
2695,6511
2696,2375
2697,7707
2698,4623
2699,6180
2700,3905
2701,6584
2702,647
2703,1591
2704,8982
2705,9263
2706,6030
2707,9630
2708,8255
2709,596
2710,3381
2711,3116
2712,3430
2713,3746
2714,6578
2715,7450
2716,5566
2717,8267
2718,8866
2719,7727
2720,2693
2721,4626
2722,5149
2723,3168
2724,7634
2725,580
2726,3770
2727,5549
2728,1684
2729,4538
2730,4401
2731,5996
2732,3619
2733,3932
2734,3274
2735,3910
2736,371
2737,9255
2738,2992
2739,2937
2740,3482
2741,7193
2742,7935
2743,8891
2744,7306
2745,661
2746,7619
2747,1711
2748,283
2749,3610
2750,55
2751,233
2752,2087
2753,3596
2754,4098
2755,2282
2756,7933
2757,3086
2758,598
2759,186
2760,5340
2761,9154
2762,847
2763,8342
2764,5674
2765,5925
2766,1063
2767,295
2768,732
2769,3478
2770,2783
2771,4075
2772,6475
2773,2154
2774,4221
2775,7484
2776,8032
2777,9362
2778,9418
2779,2357
2780,4759
2781,3302
2782,2393
2783,3347
2784,4944
2785,2556
2786,4504
2787,781
2788,1037
2789,2665
2790,84
2791,7829
2792,3606
2793,6712
2794,1884
2795,1985
2796,6945
2797,4807
2798,4349
2799,4998
2800,1447
2801,5969
2802,9084
2803,7550
2804,807
2805,6203
2806,5291
2807,4889
2808,6762
2809,26
2810,7835
2811,9456
2812,2174
2813,9195
2814,6122
2815,714
2816,3655
2817,9498
2818,814
2819,9768
2820,678
2821,3872
2822,3281
2823,6027
2824,2233
2825,4941
2826,6119
2827,4644
2828,4844
2829,1396
2830,3546
2831,1484
2832,2591
2833,6278
2834,3330
2835,932
2836,3368
2837,1646
2838,2481
2839,8946
2840,8543
2841,4564
2842,3328
2843,304
2844,1570
2845,5695
2846,1115
2847,152
2848,7827
2849,8193
2850,1959
2851,6513
2852,7915
2853,2648
2854,6724
2855,2181
2856,3852
2857,5998
2858,4572
2859,9279
2860,1210
2861,1762
2862,8521
2863,6520
2864,6790
2865,6690
2866,6721
2867,746
2868,445
2869,4719
2870,8644
2871,1792
2872,8197
2873,2507
2874,4609
2875,4243
2876,9298
2877,3011
2878,2073
2879,217
2880,3592
2881,5056
2882,8445
2883,8749
2884,9913
2885,8081
2886,6679
2887,8988
2888,1754
2889,1814
2890,5544
2891,4935
2892,305
2893,8623
2894,95
2895,570
2896,1156
2897,7535
2898,5457
2899,6407
2900,5857
2901,4798
2902,8613
2903,9081
2904,80
2905,8165
2906,5129
2907,9164
2908,1806
2909,8179
2910,1224
2911,6909
2912,9152
2913,1989
2914,5255
2915,7334
2916,9746
2917,8354
2918,5431
2919,6355
2920,5320
2921,7845
2922,4008
2923,4438
2924,9049
2925,2125
2926,8959
2927,188
2928,8802
2929,8401
2930,5011
2931,5275
2932,6958
2933,9107
2934,9305
2935,2681
2936,7466
2937,1616
2938,7257
2939,4649
2940,6493
2941,690
2942,7057
2943,9693
2944,6517
2945,3276
2946,2015
2947,2400
2948,405
2949,6886
2950,4940
2951,9688
2952,1143
2953,4403
2954,7746
2955,5356
2956,3663
2957,5032
2958,9892
2959,9784
2960,7432
2961,6498
2962,2162
2963,24
2964,1619
2965,3532
2966,5477
2967,5685
2968,7069
2969,6671
2970,7176
2971,7291
2972,2386
2973,2778
2974,200
2975,796
2976,7454
2977,7733
2978,9462
2979,9845
2980,6543
2981,6663
2982,5346
2983,1118
2984,5503
2985,5116
2986,7745
2987,1243
2988,1511
2989,1245
2990,8166
2991,7782
2992,6832
2993,9628
2994,3474
2995,4845
2996,8658
2997,1809
2998,1078
2999,3235
3000,8817
3001,7974
3002,6586
3003,9763
3004,6756
3005,4190
3006,6133
3007,3525
3008,7895
3009,451
3010,697
3011,4204
3012,5369
3013,7387
3014,9793
3015,8570
3016,7447
3017,1448
3018,1011
3019,6324
3020,7507
3021,4561
3022,513
3023,3735
3024,2900
3025,3968
3026,9898
3027,1409
3028,8557
3029,3096
3030,7643
3031,2456
3032,9573
3033,8677
3034,2609
3035,6537
3036,6551
3037,7058
3038,9312
3039,6264
3040,3464
3041,9043
3042,4801
3043,4585
3044,8198
3045,2553
3046,7272
3047,3112
3048,15
3049,4079
3050,8406
3051,6630
3052,8326
3053,7708
3054,7878
3055,9912
3056,7984
3057,3073
3058,111
3059,3522
3060,7587
3061,2885
3062,5939
3063,986
3064,253
3065,1420
3066,2652
3067,6374
3068,9187
3069,3933
3070,6335
3071,2531
3072,4319
3073,5096
3074,1654
3075,9704
3076,799
3077,5230
3078,2002
3079,7813
3080,8486
3081,8097
3082,4800
3083,4178
3084,1294
3085,2273
3086,4846
3087,7236
3088,9791
3089,1687
3090,3799
3091,8822
3092,2633
3093,2040
3094,3360
3095,8498
3096,4816
3097,9174
3098,9743
3099,7429
3100,4887
3101,9673
3102,5159
3103,2878
3104,7152
3105,7117
3106,6150
3107,3811
3108,9822
3109,6819
3110,1609
3111,4112
3112,5749
3113,1486
3114,3014
3115,3635
3116,6809
3117,8134
3118,9609
3119,3870
3120,5379
3121,6817
3122,5982
3123,1878
3124,5224
3125,5489
3126,4128
3127,3907
3128,7905
3129,7169
3130,9980
3131,8652
3132,4299
3133,4377
3134,2114
3135,3758
3136,3857
3137,6799
3138,9519
3139,1579
3140,865
3141,4663
3142,731
3143,5378
3144,8393
3145,9864
3146,92
3147,2267
3148,1948
3149,8279
3150,38
3151,2561
3152,1421
3153,4797
3154,4111
3155,72
3156,641
3157,882
3158,4285
3159,6181
3160,9856
3161,9556
3162,9597
3163,3630
3164,9457
3165,5568
3166,6526
3167,5740
3168,4402
3169,8689
3170,4707
3171,4109
3172,9341
3173,5752
3174,2119
3175,7965
3176,2611
3177,4581
3178,379
3179,6610
3180,9073
3181,5026
3182,2457
3183,3600
3184,6062
3185,9925
3186,4251
3187,4625
3188,7515
3189,5459
3190,1778
3191,9150
3192,5499
3193,9405
3194,1215
3195,5768
3196,5912
3197,7930
3198,9336
3199,9973
3200,199
3201,6720
3202,9324
3203,5343
3204,4298
3205,5143
3206,5272
3207,417
3208,7096
3209,5207
3210,5377
3211,535
3212,6316
3213,9332
3214,7302
3215,8975
3216,3981
3217,9398
3218,4263
3219,5446
3220,4542
3221,7299
3222,7856
3223,3154
3224,2410
3225,3819
3226,6725
3227,6209
3228,6947
3229,7509
3230,4477
3231,4965
3232,3264
3233,7982
3234,1074
3235,1183
3236,5063
3237,634
3238,4524
3239,6375
3240,2110
3241,589
3242,2224
3243,1859
3244,8873
3245,60
3246,2985
3247,4196
3248,4256
3249,3261
3250,2246
3251,6648
3252,4418
3253,2232
3254,5037
3255,8770
3256,1975
3257,5092
3258,8256
3259,5428
3260,1330
3261,2287
3262,4056
3263,7770
3264,4268
3265,420
3266,2303
3267,3567
3268,9626
3269,2496
3270,4481
3271,6286
3272,6533
3273,2425
3274,7325
3275,2936
3276,3784
3277,5449
3278,5344
3279,2243
3280,4417
3281,5342
3282,5658
3283,2543
3284,7067
3285,9321
3286,8421
3287,4024
3288,248
3289,2241
3290,7035
3291,1694
3292,2886
3293,2771
3294,9819
3295,3519
3296,6266
3297,6920
3298,5023
3299,4546
3300,6252
3301,7899
3302,3911
3303,5570
3304,9674
3305,4530
3306,2275
3307,3101
3308,1347
3309,5137
3310,4200
3311,1785
3312,4611
3313,2139
3314,9554
3315,7852
3316,4240
3317,3056
3318,7675
3319,786
3320,1441
3321,8052
3322,7487
3323,7138
3324,4311
3325,3129
3326,8993
3327,2135
3328,4958
3329,8926
3330,5027
3331,9939
3332,6260
3333,9612
3334,1701
3335,5242
3336,1916
3337,4621
3338,913
3339,2071
3340,7641
3341,2254
3342,7967
3343,2426
3344,2593
3345,4070
3346,9134
3347,3139
3348,4629
3349,2020
3350,8920
3351,9318
3352,8472
3353,9949
3354,1056
3355,864
3356,1116
3357,1327
3358,4206
3359,9816
3360,4903
3361,5067
3362,7659
3363,1047
3364,2602
3365,3408
3366,7345
3367,5977
3368,4312
3369,4529
3370,2220
3371,1439
3372,6965
3373,2845
3374,3306
3375,8699
3376,934
3377,4905
3378,6186
3379,7954
3380,5924
3381,1286
3382,8114
3383,1834
3384,319
3385,2990
3386,3071
3387,1042
3388,1543
3389,4487
3390,7893
3391,3269
3392,9051
3393,7753
3394,1214
3395,537
3396,245
3397,6696
3398,1204
3399,1557
3400,7333
3401,6117
3402,792
3403,8408
3404,6069
3405,9807
3406,3055
3407,9921
3408,5770
3409,2659
3410,5787
3411,3616
3412,1604
3413,8082
3414,3591
3415,926
3416,8678
3417,9381
3418,1571
3419,5659
3420,9790
3421,2584
3422,4558
3423,4702
3424,8865
3425,4107
3426,9606
3427,3809
3428,4723
3429,5397
3430,1022
3431,548
3432,9837
3433,6274
3434,4736
3435,1058
3436,6892
3437,7803
3438,8886
3439,5471
3440,6006
3441,3634
3442,9219
3443,4087
3444,6371
3445,2811
3446,4471
3447,2613
3448,8995
3449,6442
3450,3515
3451,1083
3452,3296
3453,1808
3454,2299
3455,6461
3456,1790
3457,2483
3458,2691
3459,854
3460,9196
3461,3007
3462,5919
3463,2333
3464,6161
3465,7097
3466,3542
3467,115
3468,3061
3469,7086
3470,1403
3471,7519
3472,6897
3473,4908
3474,8234
3475,7270
3476,5314
3477,8272
3478,4047
3479,2172
3480,4838
3481,3075
3482,9465
3483,5375
3484,9978
3485,3161
3486,2330
3487,7089
3488,5367
3489,3205
3490,9163
3491,3827
3492,6615
3493,7589
3494,269
3495,6417
3496,7357
3497,4682
3498,6290
3499,1378
3500,2511
3501,9480
3502,9583
3503,8882
3504,1026
3505,3530
3506,7888
3507,9474
3508,149
3509,9045
3510,899
3511,4537
3512,1798
3513,1433
3514,2212
3515,7901
3516,8757
3517,1285
3518,250
3519,8109
3520,7180
3521,8275
3522,7573
3523,8195
3524,3375
3525,4869
3526,8632
3527,5432
3528,9526
3529,6845
3530,8507
3531,7021
3532,4697
3533,7876
3534,8956
3535,4215
3536,9036
3537,8785
3538,5017
3539,3517
3540,4694
3541,3117
3542,6306
3543,981
3544,1870
3545,9849
3546,7537
3547,9253
3548,2209
3549,6968
3550,9129
3551,5927
3552,7467
3553,2908
3554,630
3555,7642
3556,9337
3557,4593
3558,2342
3559,8583
3560,5836
3561,7896
3562,7960
3563,8698
3564,8389
3565,4971
3566,4867
3567,4695
3568,6979
3569,1923
3570,5205
3571,2100
3572,3342
3573,7431
3574,1584
3575,7036
3576,559
3577,9954
3578,5794
3579,9634
3580,2509
3581,1187
3582,9684
3583,303
3584,9678
3585,378
3586,256
3587,4433
3588,6934
3589,4803
3590,6980
3591,8327
3592,8164
3593,7289
3594,9711
3595,4560
3596,856
3597,4428
3598,6755
3599,2930
3600,5709
3601,8659
3602,1249
3603,4899
3604,9347
3605,426
3606,1460
3607,9686
3608,414
3609,1438
3610,1449
3611,674
3612,4882
3613,7966
3614,8688
3615,8249
3616,1729
3617,5097
3618,9063
3619,456
3620,2601
3621,9577
3622,7502
3623,9965
3624,8597
3625,2317
3626,7292
3627,4192
3628,3352
3629,3776
3630,5606
3631,1086
3632,6011
3633,6334
3634,8364
3635,2534
3636,8356
3637,5213
3638,1400
3639,9315
3640,7779
3641,6397
3642,3412
3643,2024
3644,8878
3645,7239
3646,7908
3647,3203
3648,5167
3649,7204
3650,7768
3651,9623
3652,8410
3653,7653
3654,1982
3655,2895
3656,9461
3657,4783
3658,5837
3659,7216
3660,142
3661,2236
3662,6778
3663,3965
3664,2193
3665,3499
3666,9233
3667,2689
3668,8661
3669,2430
3670,9304
3671,2145
3672,9141
3673,7344
3674,5284
3675,9555
3676,8710
3677,8269
3678,2033
3679,4126
3680,7804
3681,9226
3682,7677
3683,9108
3684,145
3685,9926
3686,7772
3687,3692
3688,9421
3689,2866
3690,2517
3691,6388
3692,6023
3693,8924
3694,9804
3695,4549
3696,3457
3697,7629
3698,480
3699,5777
3700,7922
3701,8064
3702,1658
3703,2734
3704,4409
3705,8977
3706,3510
3707,155
3708,1760
3709,3572
3710,5134
3711,4000
3712,6311
3713,6691
3714,6337
3715,2004
3716,4873
3717,4842
3718,667
3719,834
3720,2366
3721,4447
3722,6503
3723,1599
3724,5936
3725,6284
3726,6339
3727,795
3728,4211
3729,5620
3730,657
3731,4089
3732,7909
3733,2030
3734,6816
3735,4693
3736,4748
3737,9025
3738,4049
3739,5932
3740,8312
3741,8794
3742,4841
3743,8716
3744,302
3745,5306
3746,643
3747,5086
3748,5960
3749,6847
3750,9875
3751,2733
3752,5188
3753,9374
3754,6595
3755,4909
3756,4948
3757,2471
3758,2735
3759,8579
3760,9242
3761,9755
3762,4353
3763,7596
3764,2283
3765,1867
3766,2512
3767,4258
3768,1010
3769,8103
3770,18
3771,4568
3772,2965
3773,1319
3774,613
3775,1398
3776,4945
3777,4165
3778,3958
3779,5844
3780,8939
3781,7785
3782,6304
3783,7366
3784,6699
3785,7004
3786,2889
3787,527
3788,5318
3789,5648
3790,9802
3791,1635
3792,9729
3793,6718
3794,6751
3795,3719
3796,6882
3797,6479
3798,7631
3799,9031
3800,9517
3801,2881
3802,3479
3803,8274
3804,122
3805,7654
3806,8299
3807,9505
3808,6047
3809,7468
3810,4595
3811,7892
3812,8147
3813,6123
3814,9348
3815,1562
3816,3553
3817,1844
3818,4923
3819,9983
3820,2739
3821,4877
3822,3861
3823,518
3824,4859
3825,1738
3826,1924
3827,102
3828,3755
3829,6666
3830,2770
3831,3410
3832,1895
3833,8178
3834,1371
3835,2293
3836,3896
3837,880
3838,8998
3839,9010
3840,255
3841,803
3842,8919
3843,402
3844,399
3845,4113
3846,3418
3847,1357
3848,7666
3849,1978
3850,6091
3851,7232
3852,7769
3853,6492
3854,3074
3855,6125
3856,77
3857,2192
3858,3699
3859,5348
3860,8465
3861,5802
3862,8281
3863,8320
3864,251
3865,892
3866,4362
3867,3954
3868,4015
3869,9070
3870,1133
3871,2063
3872,5223
3873,9862
3874,2620
3875,9589
3876,7598
3877,8969
3878,9301
3879,6738
3880,4646
3881,5373
3882,3198
3883,5934
3884,7300
3885,7539
3886,6573
3887,4666
3888,4475
3889,1233
3890,2382
3891,3431
3892,90
3893,9765
3894,1551
3895,4709
3896,1698
3897,9552
3898,1876
3899,6162
3900,220
3901,1383
3902,5222
3903,449
3904,8476
3905,9391
3906,4592
3907,6357
3908,1624
3909,4885
3910,9546
3911,1748
3912,7976
3913,8311
3914,8385
3915,5845
3916,7987
3917,5417
3918,8396
3919,3599
3920,637
3921,4700
3922,4772
3923,9666
3924,276
3925,1199
3926,606
3927,3271
3928,4099
3929,7192
3930,749
3931,7816
3932,8420
3933,7837
3934,4474
3935,9957
3936,278
3937,7761
3938,5812
3939,4696
3940,5073
3941,4315
3942,6560
3943,3664
3944,4310
3945,5841
3946,9350
3947,3864
3948,3547
3949,411
3950,3218
3951,8394
3952,838
3953,4077
3954,8753
3955,5846
3956,7571
3957,6693
3958,9396
3959,8719
3960,4365
3961,6698
3962,2129
3963,5353
3964,2095
3965,1060
3966,5280
3967,3288
3968,9958
3969,5139
3970,373
3971,105
3972,8867
3973,406
3974,3991
3975,4108
3976,8531
3977,189
3978,9227
3979,7997
3980,3225
3981,8144
3982,9246
3983,8731
3984,2347
3985,904
3986,8089
3987,2821
3988,686
3989,2628
3990,2505
3991,8157
3992,1964
3993,7319
3994,6613
3995,1596
3996,5926
3997,9726
3998,7512
3999,6829
4000,3471
4001,7592
4002,4187
4003,8004
4004,4991
4005,185
4006,3232
4007,6936
4008,1874
4009,3672
4010,7913
4011,9823
4012,9796
4013,9719
4014,7186
4015,9460
4016,3400
4017,8205
4018,3557
4019,6210
4020,8690
4021,8162
4022,2003
4023,8222
4024,8637
4025,7773
4026,3151
4027,1316
4028,4767
4029,1334
4030,4035
4031,7053
4032,1488
4033,7505
4034,9463
4035,7674
4036,5404
4037,1169
4038,4231
4039,8589
4040,1722
4041,3992
4042,8625
4043,9308
4044,5220
4045,4651
4046,5562
4047,9104
4048,73
4049,2913
4050,1268
4051,1487
4052,3671
4053,7806
4054,6674
4055,1751
4056,9029
4057,1823
4058,5030
4059,7051
4060,7494
4061,2348
4062,645
4063,997
4064,3767
4065,5619
4066,3638
4067,8772
4068,1718
4069,7016
4070,3273
4071,1212
4072,3891
4073,3322
4074,9059
4075,5293
4076,9732
4077,7304
4078,9762
4079,9909
4080,9235
4081,1094
4082,3845
4083,3184
4084,9093
4085,5680
4086,2016
4087,5258
4088,5349
4089,7368
4090,4301
4091,3847
4092,3032
4093,1450
4094,4386
4095,5412
4096,766
4097,9416
4098,301
4099,5189
4100,9077
4101,4042
4102,6159
4103,4320
4104,6869
4105,8546
4106,9180
4107,6642
4108,7979
4109,902
4110,9481
4111,4309
4112,5933
4113,2853
4114,5511
4115,8466
4116,5146
4117,9135
4118,3709
4119,8090
4120,7120
4121,5622
4122,9811
4123,8189
4124,4296
4125,9515
4126,4897
4127,9922
4128,5464
4129,9629
4130,6043
4131,7993
4132,2088
4133,6622
4134,9484
4135,9283
4136,9330
4137,2656
4138,408
4139,4963
4140,7495
4141,3984
4142,8888
4143,120
4144,2221
4145,7370
4146,3326
4147,103
4148,4153
4149,4932
4150,7237
4151,1807
4152,2278
4153,5980
4154,6154
4155,4078
4156,4722
4157,3383
4158,6588
4159,2774
4160,354
4161,9194
4162,8243
4163,7435
4164,9210
4165,78
4166,5267
4167,956
4168,9896
4169,6774
4170,7229
4171,9182
4172,8107
4173,1967
4174,7315
4175,289
4176,5197
4177,9682
4178,545
4179,568
4180,7386
4181,5190
4182,9877
4183,2725
4184,5164
4185,8276
4186,4059
4187,8115
4188,7748
4189,9641
4190,181
4191,9404
4192,7814
4193,3106
4194,9835
4195,3332
4196,9817
4197,909
4198,3451
4199,5517
4200,8930
4201,8070
4202,2873
4203,5292
4204,4171
4205,4404
4206,994
4207,6092
4208,618
4209,6332
4210,1466
4211,8340
4212,3743
4213,6878
4214,3698
4215,5418
4216,5773
4217,3044
4218,4230
4219,9566
4220,3078
4221,6116
4222,8967
4223,8978
4224,1081
4225,4470
4226,8943
4227,8033
4228,3577
4229,8358
4230,8584
4231,4701
4232,3514
4233,7430
4234,1203
4235,6862
4236,9660
4237,4790
4238,5738
4239,8181
4240,5661
4241,8148
4242,1310
4243,964
4244,4594
4245,6915
4246,5533
4247,7626
4248,9160
4249,5105
4250,3862
4251,2763
4252,2705
4253,496
4254,2529
4255,5715
4256,6044
4257,1095
4258,6488
4259,8907
4260,3538
4261,852
4262,1336
4263,6559
4264,9652
4265,6444
4266,8762
4267,9657
4268,8940
4269,4642
4270,1827
4271,2786
4272,4839
4273,3324
4274,8612
4275,3090
4276,9287
4277,1311
4278,2840
4279,3732
4280,1766
4281,4977
4282,4780
4283,871
4284,9076
4285,724
4286,1196
4287,2776
4288,1528
4289,5250
4290,7083
4291,8172
4292,8852
4293,4732
4294,1630
4295,2801
4296,4934
4297,1843
4298,5156
4299,9020
4300,2379
4301,7191
4302,8316
4303,8985
4304,851
4305,4250
4306,4756
4307,8395
4308,7989
4309,5873
4310,8059
4311,9266
4312,561
4313,2214
4314,1295
4315,244
4316,6788
4317,9212
4318,3868
4319,1149
4320,1422
4321,2530
4322,6598
4323,2816
4324,8044
4325,1904
4326,8303
4327,6382
4328,6995
4329,2566
4330,2540
4331,9294
4332,2022
4333,4322
4334,760
4335,3816
4336,6637
4337,6540
4338,1123
4339,8805
4340,2671
4341,390
4342,27
4343,4966
4344,7510
4345,5670
4346,3703
4347,6667
4348,8685
4349,2242
4350,4984
4351,7624
4352,136
4353,4420
4354,7354
4355,6951
4356,9497
4357,3456
4358,8346
4359,1388
4360,3556
4361,2938
4362,7114
4363,9705
4364,726
4365,435
4366,4198
4367,506
4368,812
4369,9041
4370,1312
4371,62
4372,5486
4373,2686
4374,9970
4375,4637
4376,2190
4377,7811
4378,9895
4379,3327
4380,4183
4381,9607
4382,7480
4383,7912
4384,8105
4385,7530
4386,2506
4387,7014
4388,2933
4389,5523
4390,3260
4391,5965
4392,5985
4393,6370
4394,6113
4395,1009
4396,4157
4397,8849
4398,2319
4399,7961
4400,9936
4401,8085
4402,9561
4403,4640
4404,7998
4405,7018
4406,7339
4407,9616
4408,6670
4409,9089
4410,4297
4411,5248
4412,4861
4413,8363
4414,7559
4415,4540
4416,825
4417,1851
4418,715
4419,8547
4420,5158
4421,747
4422,8962
4423,8468
4424,985
4425,3771
4426,2577
4427,5076
4428,4152
4429,6377
4430,3394
4431,9455
4432,5113
4433,4942
4434,7446
4435,8863
4436,9886
4437,3185
4438,4229
4439,2719
4440,5294
4441,5538
4442,8566
4443,1595
4444,3067
4445,4808
4446,6822
4447,7636
4448,3574
4449,9147
4450,7871
4451,57
4452,4273
4453,5647
4454,7463
4455,5634
4456,6031
4457,1797
4458,5858
4459,8231
4460,1550
4461,1578
4462,1496
4463,5621
4464,7378
4465,2968
4466,5366
4467,8518
4468,166
4469,2651
4470,7126
4471,6932
4472,7233
4473,8904
4474,1298
4475,3353
4476,6497
4477,8233
4478,7533
4479,1771
4480,744
4481,7609
4482,8353
4483,9008
4484,2622
4485,7314
4486,4224
4487,9794
4488,4036
4489,2921
4490,2834
4491,5440
4492,5806
4493,8319
4494,8469
4495,3429
4496,3717
4497,3769
4498,6467
4499,8861
4500,1352
4501,2741
4502,6240
4503,1444
4504,8083
4505,7256
4506,8555
4507,2858
4508,4457
4509,1302
4510,8184
4511,2328
4512,2927
4513,6212
4514,9426
4515,7607
4516,9122
4517,4506
4518,8131
4519,3539
4520,6528
4521,621
4522,9058
4523,2812
4524,9918
4525,6896
4526,8572
4527,8475
4528,8928
4529,9198
4530,8601
4531,5920
4532,9136
4533,6160
4534,3361
4535,1177
4536,5526
4537,775
4538,4138
4539,3879
4540,2909
4541,7266
4542,4848
4543,1732
4544,5903
4545,3003
4546,2851
4547,849
4548,9110
4549,6581
4550,7601
4551,6070
4552,6865
4553,175
4554,1179
4555,5360
4556,8981
4557,4822
4558,839
4559,1155
4560,4410
4561,9570
4562,8495
4563,1764
4564,578
4565,5762
4566,942
4567,9620
4568,5984
4569,6428
4570,171
4571,7355
4572,5754
4573,3176
4574,5185
4575,8447
4576,9289
4577,9356
4578,1185
4579,9323
4580,5451
4581,5599
4582,4734
4583,358
4584,946
4585,1659
4586,2168
4587,2368
4588,7312
4589,6383
4590,1548
4591,2946
4592,2963
4593,2748
4594,5386
4595,9681
4596,228
4597,6983
4598,43
4599,9316
4600,2687
4601,573
4602,180
4603,1365
4604,1160
4605,3490
4606,9952
4607,6433
4608,3611
4609,8454
4610,4896
4611,1458
4612,7279
4613,9447
4614,4188
4615,7647
4616,9724
4617,2915
4618,4003
4619,8474
4620,8782
4621,9056
4622,9423
4623,6010
4624,2206
4625,2626
4626,5433
4627,7687
4628,2387
4629,5216
4630,9215
4631,5554
4632,3922
4633,351
4634,617
4635,8376
4636,4068
4637,9265
4638,4136
4639,9694
4640,8099
4641,8738
4642,6084
4643,9798
4644,3997
4645,3806
4646,3821
4647,2184
4648,3711
4649,4573
4650,3843
4651,3779
4652,8030
4653,9438
4654,6962
4655,2910
4656,5184
4657,6202
4658,322
4659,1356
4660,2564
4661,3507
4662,1482
4663,504
4664,9372
4665,9234
4666,1517
4667,9969
4668,2476
4669,3290
4670,2892
4671,8051
4672,9307
4673,689
4674,4786
4675,4032
4676,8801
4677,4092
4678,6515
4679,2569
4680,6071
4681,2463
4682,7175
4683,3089
4684,4145
4685,4620
4686,8318
4687,2274
4688,7084
4689,8452
4690,7364
4691,6114
4692,6439
4693,8202
4694,2905
4695,1415
4696,9639
4697,8559
4698,755
4699,5155
4700,5442
4701,2408
4702,6880
4703,4066
4704,7808
4705,6137
4706,3028
4707,5040
4708,1005
4709,3729
4710,6839
4711,9422
4712,4505
4713,8062
4714,2143
4715,9168
4716,8282
4717,3869
4718,7182
4719,2128
4720,8000
4721,6664
4722,5814
4723,4085
4724,2432
4725,6229
4726,9395
4727,218
4728,4131
4729,3369
4730,4976
4731,8641
4732,8957
4733,4499
4734,6990
4735,8942
4736,2929
4737,495
4738,5851
4739,5983
4740,4364
4741,4391
4742,7284
4743,2264
4744,3955
4745,8735
4746,1813
4747,7048
4748,845
4749,3337
4750,4522
4751,336
4752,883
4753,5169
4754,9747
4755,7262
4756,5068
4757,8880
4758,3537
4759,7691
4760,4964
4761,7259
4762,5854
4763,9118
4764,5466
4765,2466
4766,6539
4767,7658
4768,8769
4769,5461
4770,9671
4771,6884
4772,4117
4773,9713
4774,2416
4775,7412
4776,8616
4777,3942
4778,7063
4779,7798
4780,2355
4781,7379
4782,1622
4783,2488
4784,982
4785,1743
4786,1217
4787,5855
4788,4119
4789,7439
4790,4472
4791,8592
4792,5350
4793,7688
4794,3111
4795,3440
4796,6860
4797,2163
4798,1492
4799,4360
4800,3549
4801,4616
4802,5453
4803,8503
4804,2389
4805,615
4806,5031
4807,5915
4808,4541
4809,7163
4810,9985
4811,768
4812,9545
4813,6359
4814,5593
4815,5107
4816,9867
4817,3707
4818,6038
4819,21
4820,5891
4821,8740
4822,1683
4823,3725
4824,5368
4825,1601
4826,3788
4827,5277
4828,6051
4829,8973
4830,727
4831,235
4832,3560
4833,7640
4834,364
4835,6549
4836,8449
4837,9379
4838,3762
4839,153
4840,3641
4841,6694
4842,3348
4843,5683
4844,3733
4845,1891
4846,2521
4847,5301
4848,9767
4849,1998
4850,8390
4851,2422
4852,6715
4853,4509
4854,2958
4855,9139
4856,2663
4857,5108
4858,6732
4859,7062
4860,4413
4861,6041
4862,6136
4863,4329
4864,6807
4865,8333
4866,2519
4867,3259
4868,8744
4869,2997
4870,9841
4871,2449
4872,3508
4873,6447
4874,5725
4875,108
4876,4350
4877,6273
4878,8585
4879,1839
4880,4124
4881,7863
4882,1039
4883,4680
4884,8980
4885,3267
4886,6681
4887,5820
4888,5878
4889,6937
4890,2683
4891,7161
4892,5810
4893,3682
4894,6328
4895,8120
4896,64
4897,4612
4898,3181
4899,4228
4900,5214
4901,9062
4902,30
4903,498
4904,9471
4905,8900
4906,5699
4907,6645
4908,3029
4909,9676
4910,2401
4911,4519
4912,6198
4913,6881
4914,1955
4915,1148
4916,3223
4917,876
4918,8638
4919,2508
4920,3230
4921,8855
4922,9039
4923,1477
4924,157
4925,6019
4926,2497
4927,61
4928,6220
4929,3220
4930,8091
4931,8883
4932,5178
4933,3391
4934,1023
4935,7049
4936,6381
4937,666
4938,4280
4939,8914
4940,3944
4941,6372
4942,5425
4943,4521
4944,9066
4945,1537
4946,6512
4947,6735
4948,1165
4949,3750
4950,9040
4951,7819
4952,1146
4953,8061
4954,3177
4955,1252
4956,3278
4957,8714
4958,3901
4959,5257
4960,499
4961,8868
4962,835
4963,4866
4964,2682
4965,1508
4966,6009
4967,5114
4968,508
4969,6410
4970,4368
4971,4737
4972,7188
4973,4724
4974,6710
4975,4033
4976,138
4977,5594
4978,8642
4979,1137
4980,427
4981,1974
4982,3085
4983,7200
4984,471
4985,195
4986,1805
4987,5070
4988,3060
4989,6902
4990,6900
4991,8463
4992,3494
4993,3256
4994,9787
4995,6901
4996,5778
4997,5225
4998,5897
4999,6665
5000,8322
5001,4591
5002,698
5003,6599
5004,4754
5005,6903
5006,2323
5007,9035
5008,1436
5009,7628
5010,8355
5011,1927
5012,1691
5013,3708
5014,5060
5015,4618
5016,2623
5017,2589
5018,5490
5019,6437
5020,9188
5021,4837
5022,2327
5023,3768
5024,5364
5025,5795
5026,3354
5027,2515
5028,7091
5029,5395
5030,2124
5031,3378
5032,9310
5033,3690
5034,4852
5035,6338
5036,121
5037,3441
5038,9071
5039,6617
5040,6510
5041,9378
5042,9885
5043,1248
5044,5720
5045,9924
5046,6263
5047,7655
5048,8212
5049,1208
5050,4478
5051,340
5052,9524
5053,3571
5054,9999
5055,9153
5056,3659
5057,4787
5058,2344
5059,476
5060,829
5061,7648
5062,2718
5063,3535
5064,3486
5065,675
5066,1973
5067,448
5068,3820
5069,6068
5070,5758
5071,1925
5072,2918
5073,1804
5074,2708
5075,3401
5076,2352
5077,1750
5078,5618
5079,4174
5080,5686
5081,423
5082,5048
5083,1680
5084,5064
5085,7921
5086,1736
5087,9585
5088,5668
5089,1863
5090,4518
5091,5931
5092,1552
5093,6843
5094,2418
5095,5253
5096,6340
5097,5337
5098,1640
5099,5944
5100,9645
5101,8204
5102,7792
5103,1676
5104,2150
5105,7294
5106,4507
5107,5880
5108,8175
5109,7164
5110,5673
5111,4843
5112,9603
5113,324
5114,5014
5115,9506
5116,6635
5117,5045
5118,8672
5119,1700
5120,88
5121,5671
5122,4631
5123,2644
5124,380
5125,2596
5126,877
5127,8302
5128,9003
5129,1182
5130,3550
5131,8747
5132,3104
5133,286
5134,4375
5135,5575
5136,8111
5137,9770
5138,5218
5139,7807
5140,6496
5141,4661
5142,8996
5143,5422
5144,1703
5145,2513
5146,3238
5147,197
5148,2177
5149,5664
5150,7504
5151,4675
5152,3167
5153,2675
5154,5856
5155,6743
5156,8313
5157,939
5158,8132
5159,3108
5160,8284
5161,7820
5162,2146
5163,3626
5164,1119
5165,4334
5166,5474
5167,8974
5168,3631
5169,5120
5170,7877
5171,3444
5172,5183
5173,8620
5174,3696
5175,6307
5176,5937
5177,4912
5178,6998
5179,1921
5180,9250
5181,363
5182,7246
5183,9615
5184,6192
5185,9947
5186,9399
5187,1900
5188,1594
5189,6960
5190,2998
5191,9254
5192,1257
5193,3137
5194,8096
5195,7683
5196,908
5197,7695
5198,8508
5199,6494
5200,398
5201,148
5202,4749
5203,920
5204,3654
5205,7611
5206,4764
5207,6008
5208,1235
5209,5042
5210,3304
5211,3786
5212,4352
5213,5121
5214,7523
5215,91
5216,8635
5217,5179
5218,4235
5219,5513
5220,7400
5221,7685
5222,2034
5223,9529
5224,4613
5225,172
5226,4367
5227,4025
5228,7106
5229,7073
5230,4381
5231,6454
5232,7403
5233,3165
5234,3487
5235,8665
5236,482
5237,53
5238,325
5239,8067
5240,7508
5241,9192
5242,9708
5243,983
5244,6745
5245,2331
5246,5781
5247,8239
5248,2907
5249,5217
5250,6294
5251,8050
5252,9146
5253,6101
5254,7843
5255,6017
5256,7529
5257,6717
5258,9428
5259,9044
5260,7867
5261,7917
5262,4949
5263,705
5264,2200
5265,1328
5266,2269
5267,6728
5268,6313
5269,8462
5270,3650
5271,3676
5272,5981
5273,7332
5274,2559
5275,1889
5276,3566
5277,2944
5278,3908
5279,9786
5280,5645
5281,2882
5282,4671
5283,1064
5284,6782
5285,6548
5286,5589
5287,431
5288,6303
5289,4134
5290,7311
5291,5260
5292,1117
5293,6542
5294,1618
5295,2225
5296,895
5297,5231
5298,701
5299,625
5300,4974
5301,7396
5302,7873
5303,4197
5304,7980
5305,2372
5306,6201
5307,10
5308,7795
5309,3411
5310,3248
5311,9959
5312,3422
5313,3587
5314,955
5315,794
5316,346
5317,6426
5318,7348
5319,5775
5320,8796
5321,3612
5322,1866
5323,3214
5324,579
5325,6501
5326,2436
5327,7693
5328,9544
5329,9005
5330,8034
5331,8029
5332,2580
5333,652
5334,4718
5335,4139
5336,3937
5337,3325
5338,2286
5339,8958
5340,6827
5341,6183
5342,1707
5343,9094
5344,8621
5345,2406
5346,6310
5347,1040
5348,9349
5349,1072
5350,3318
5351,2115
5352,5385
5353,6815
5354,7757
5355,1258
5356,4919
5357,8066
5358,2850
5359,5992
5360,9102
5361,9095
5362,3883
5363,4864
5364,5080
5365,112
5366,203
5367,3836
5368,6719
5369,4321
5370,9601
5371,9777
5372,3738
5373,4673
5374,1391
5375,2096
5376,1625
5377,599
5378,6977
5379,2059
5380,8453
5381,4191
5382,434
5383,4425
5384,5387
5385,2050
5386,7787
5387,5626
5388,2399
5389,9130
5390,2797
5391,442
5392,616
5393,9883
5394,2262
5395,960
5396,3623
5397,7170
5398,3015
5399,2186
5400,5445
5401,5399
5402,8236
5403,6949
5404,268
5405,2846
5406,3726
5407,6175
5408,7918
5409,1776
5410,6992
5411,9477
5412,7784
5413,2453
5414,86
5415,7942
5416,3687
5417,7862
5418,4479
5419,4534
5420,6034
5421,7911
5422,1219
5423,8511
5424,478
5425,7098
5426,3714
5427,8471
5428,386
5429,627
5430,9513
5431,277
5432,4076
5433,5584
5434,3930
5435,3156
5436,2472
5437,9650
5438,1414
5439,7740
5440,2827
5441,344
5442,2324
5443,4422
5444,8778
5445,6269
5446,1053
5447,1782
5448,1221
5449,1246
5450,9197
5451,14
5452,2427
5453,3803
5454,3344
5455,7388
5456,6218
5457,7625
5458,6362
5459,497
5460,137
5461,4588
5462,1471
5463,1793
5464,4878
5465,7941
5466,8968
5467,7351
5468,603
5469,5177
5470,9204
5471,9389
5472,6734
5473,2248
5474,1522
5475,6766
5476,4652
5477,4308
5478,8367
5479,8742
5480,307
5481,3761
5482,9993
5483,1838
5484,1360
5485,1337
5486,8104
5487,4995
5488,4992
5489,7478
5490,3951
5491,6298
5492,6726
5493,210
5494,2830
5495,3136
5496,6446
5497,8456
5498,2552
5499,9177
5500,1893
5501,365
5502,1608
5503,2747
5504,8418
5505,280
5506,7019
5507,7167
5508,935
5509,430
5510,2764
5511,1864
5512,5467
5513,7373
5514,2864
5515,1545
5516,9649
5517,2376
5518,3120
5519,4677
5520,5788
5521,8846
5522,4590
5523,7492
5524,6170
5525,6385
5526,4630
5527,5555
5528,8170
5529,7070
5530,5295
5531,5415
5532,3633
5533,7865
5534,8733
5535,9488
5536,1992
5537,6179
5538,3978
5539,5038
5540,5862
5541,1265
5542,8791
5543,3319
5544,279
5545,3569
5546,2309
5547,6669
5548,536
5549,2308
5550,9850
5551,7698
5552,530
5553,826
5554,1175
5555,8024
5556,4121
5557,9156
5558,2134
5559,6409
5560,9509
5561,9596
5562,4639
5563,3188
5564,684
5565,5491
5566,5571
5567,6318
5568,6057
5569,5024
5570,5144
5571,7346
5572,2677
5573,4384
5574,9441
5575,6585
5576,7287
5577,8693
5578,6045
5579,2587
5580,1166
5581,5033
5582,5625
5583,519
5584,6184
5585,2972
5586,560
5587,4439
5588,7124
5589,1993
5590,6509
5591,7847
5592,4182
5593,7875
5594,1819
5595,212
5596,708
5597,34
5598,1105
5599,5246
5600,5527
5601,4338
5602,3831
5603,8360
5604,242
5605,6453
5606,4576
5607,1756
5608,1787
5609,2335
5610,4476
5611,9810
5612,1928
5613,3200
5614,8909
5615,9360
5616,7735
5617,1905
5618,7080
5619,8565
5620,6838
5621,5612
5622,7174
5623,2824
5624,7766
5625,1483
5626,1454
5627,3585
5628,8949
5629,1276
5630,1600
5631,1663
5632,7881
5633,5152
5634,8095
5635,2081
5636,8140
5637,1061
5638,5180
5639,475
5640,2451
5641,3871
5642,8307
5643,692
5644,887
5645,3914
5646,4782
5647,7498
5648,8387
5649,9889
5650,5849
5651,5564
5652,2492
5653,7149
5654,7947
5655,3740
5656,3385
5657,6928
5658,4444
5659,4442
5660,2727
5661,4811
5662,2315
5663,2576
5664,7836
5665,1034
5666,2407
5667,8413
5668,6270
5669,4161
5670,6419
5671,9411
5672,3231
5673,1227
5674,7147
5675,8571
5676,1515
5677,5528
5678,4366
5679,9322
5680,4259
5681,1518
5682,6358
5683,7428
5684,1818
5685,4710
5686,6683
5687,4467
5688,3366
5689,8833
5690,1416
5691,6308
5692,9843
5693,7731
5694,7994
5695,8348
5696,7158
5697,2149
5698,2173
5699,9131
5700,890
5701,988
5702,8253
5703,1565
5704,8380
5705,3963
5706,3024
5707,8200
5708,6287
5709,5595
5710,5799
5711,5682
5712,9750
5713,8931
5714,3397
5715,1587
5716,5325
5717,3595
5718,2123
5719,5881
5720,4257
5721,4351
5722,8490
5723,1685
5724,6352
5725,2660
5726,6288
5727,375
5728,512
5729,2558
5730,7271
5731,2762
5732,7154
5733,5942
5734,2690
5735,4223
5736,595
5737,3959
5738,3169
5739,4303
5740,5907
5741,4201
5742,9382
5743,4872
5744,2805
5745,7321
5746,8002
5747,4681
5748,4939
5749,9828
5750,383
5751,1966
5752,1381
5753,3570
5754,1397
5755,3362
5756,6933
5757,4635
5758,8014
5759,3977
5760,7153
5761,3186
5762,4006
5763,3148
5764,3338
5765,3938
5766,5336
5767,6227
5768,4871
5769,2336
5770,3426
5771,5228
5772,2107
5773,9479
5774,4167
5775,3895
5776,7414
5777,9778
5778,2101
5779,5875
5780,7376
5781,5112
5782,6653
5783,6386
5784,4293
5785,6445
5786,5201
5787,8534
5788,6893
5789,6486
5790,897
5791,7399
5792,6600
5793,4213
5794,7737
5795,3303
5796,2467
5797,9894
5798,3723
5799,5237
5800,5642
5801,8459
5802,4687
5803,4975
5804,5475
5805,6741
5806,89
5807,8504
5808,790
5809,1354
5810,8240
5811,8681
5812,4372
5813,1339
5814,7171
5815,1255
5816,8627
5817,945
5818,1158
5819,9738
5820,4728
5821,6563
5822,730
5823,1755
5824,2757
5825,47
5826,1682
5827,1049
5828,2121
5829,6434
5830,3924
5831,9677
5832,1572
5833,4170
5834,7970
5835,2117
5836,214
5837,4466
5838,2270
5839,4927
5840,1826
5841,5329
5842,9415
5843,7178
5844,204
5845,109
5846,623
5847,2359
5848,4394
5849,581
5850,7244
5851,8230
5852,6759
5853,2999
5854,106
5855,3881
5856,3057
5857,1566
5858,821
5859,9430
5860,3583
5861,3291
5862,2782
5863,8591
5864,8262
5865,2439
5866,4096
5867,2650
5868,6465
5869,9587
5870,6953
5871,3751
5872,7904
5873,3425
5874,4946
5875,9879
5876,5929
5877,1881
5878,2817
5879,9290
5880,6021
5881,3653
5882,6912
5883,9067
5884,1773
5885,8248
5886,1132
5887,2777
5888,6623
5889,6398
5890,6594
5891,2291
5892,7177
5893,2494
5894,4137
5895,9086
5896,8063
5897,3138
5898,4143
5899,5602
5900,7608
5901,2409
5902,4583
5903,4672
5904,600
5905,4523
5906,2810
5907,7151
5908,9564
5909,8436
5910,2804
5911,6587
5912,2064
5913,8864
5914,1919
5915,6758
5916,2445
5917,1283
5918,962
5919,3236
5920,2787
5921,1110
5922,7783
5923,6785
5924,6633
5925,6351
5926,1990
5927,2563
5928,437
5929,2180
5930,4043
5931,5916
5932,9751
5933,2403
5934,3509
5935,3523
5936,3894
5937,7087
5938,338
5939,1323
5940,3041
5941,7028
5942,7231
5943,6612
5944,7100
5945,7141
5946,3782
5947,9224
5948,7165
5949,7553
5950,6157
5951,2794
5952,507
5953,7384
5954,1885
5955,7001
5956,3114
5957,9968
5958,5362
5959,7978
5960,1716
5961,3162
5962,4337
5963,3618
5964,860
5965,2893
5966,3131
5967,7812
5968,410
5969,1592
5970,6231
5971,2329
5972,2205
5973,611
5974,8911
5975,977
5976,5693
5977,5420
5978,6547
5979,5905
5980,3704
5981,4571
5982,3669
5983,1314
5984,8596
5985,7440
5986,4012
5987,6277
5988,7517
5989,1171
5990,9539
5991,1065
5992,2621
5993,4692
5994,5995
5995,1929
5996,2079
5997,9012
5998,7815
5999,5684
6000,9295
6001,9706
6002,6818
6003,7462
6004,967
6005,7132
6006,9155
6007,8646
6008,5419
6009,8161
6010,9986
6011,2871
6012,5324
6013,5798
6014,9586
6015,4061
6016,9806
6017,7752
6018,9261
6019,331
6020,1628
6021,3449
6022,2067
6023,4823
6024,7818
6025,509
6026,6821
6027,1463
6028,1769
6029,191
6030,4806
6031,2544
6032,2298
6033,2011
6034,8704
6035,9424
6036,275
6037,1457
6038,5629
6039,9854
6040,6913
6041,8055
6042,7786
6043,23
6044,7011
6045,3462
6046,1642
6047,2156
6048,7254
6049,9083
6050,6111
6051,6035
6052,7223
6053,9470
6054,9562
6055,1136
6056,7214
6057,2106
6058,706
6059,9633
6060,2966
6061,6172
6062,3083
6063,758
6064,7340
6065,8375
6066,1250
6067,7898
6068,4432
6069,1788
6070,1322
6071,4891
6072,2814
6073,532
6074,1363
6075,5654
6076,2458
6077,9550
6078,4512
6079,500
6080,4619
6081,4458
6082,3497
6083,629
6084,2595
6085,3246
6086,4615
6087,522
6088,5711
6089,4048
6090,9245
6091,3666
6092,2097
6093,4829
6094,8432
6095,3036
6096,4254
6097,8824
6098,2356
6099,6853
6100,6121
6101,7672
6102,1186
6103,2498
6104,8079
6105,5696
6106,3670
6107,8779
6108,7253
6109,8848
6110,4684
6111,7407
6112,9994
6113,3310
6114,9752
6115,2952
6116,1112
6117,4423
6118,2574
6119,9710
6120,484
6121,254
6122,9932
6123,3561
6124,9966
6125,1296
6126,8673
6127,3166
6128,7728
6129,8947
6130,7317
6131,931
6132,4300
6133,2085
6134,317
6135,6481
6136,3119
6137,2345
6138,5793
6139,1059
6140,9060
6141,6986
6142,7196
6143,6309
6144,7198
6145,2716
6146,206
6147,893
6148,808
6149,1098
6150,7809
6151,7562
6152,8345
6153,3920
6154,2825
6155,5035
6156,4405
6157,7586
6158,6640
6159,6174
6160,9800
6161,4118
6162,9801
6163,8
6164,8839
6165,3316
6166,990
6167,6917
6168,8936
6169,5840
6170,1649
6171,2808
6172,2501
6173,3622
6174,5281
6175,2673
6176,6189
6177,4997
6178,6414
6179,3239
6180,5930
6181,9881
6182,230
6183,7459
6184,9211
6185,3070
6186,6652
6187,4828
6188,921
6189,1521
6190,7107
6191,3656
6192,875
6193,9123
6194,2111
6195,4835
6196,3858
6197,1001
6198,9534
6199,2781
6200,2931
6201,9858
6202,8341
6203,7756
6204,1287
6205,1597
6206,9007
6207,3899
6208,1723
6209,7206
6210,7681
6211,3066
6212,2412
6213,7308
6214,1350
6215,1500
6216,1114
6217,2216
6218,969
6219,1320
6220,8035
6221,3961
6222,1886
6223,8330
6224,9009
6225,1935
6226,5510
6227,9241
6228,2604
6229,4928
6230,5123
6231,4451
6232,5966
6233,6024
6234,252
6235,3009
6236,3727
6237,9281
6238,8314
6239,1739
6240,3889
6241,5893
6242,9536
6243,469
6244,4582
6245,9518
6246,3331
6247,6797
6248,6993
6249,5128
6250,9758
6251,9437
6252,9099
6253,2290
6254,2572
6255,3640
6256,4154
6257,8304
6258,4531
6259,2371
6260,8842
6261,5058
6262,3695
6263,802
6264,3212
6265,8862
6266,6103
6267,6538
6268,2766
6269,7889
6270,330
6271,1639
6272,5194
6273,6569
6274,5660
6275,9903
6276,5726
6277,6659
6278,3339
6279,6744
6280,8748
6281,9267
6282,4972
6283,9373
6284,5247
6285,8218
6286,3605
6287,6545
6288,501
6289,5271
6290,7322
6291,2983
6292,2545
6293,5335
6294,343
6295,9314
6296,1981
6297,4264
6298,4795
6299,8056
6300,8622
6301,4670
6302,1593
6303,9906
6304,391
6305,6800
6306,4436
6307,9006
6308,1145
6309,5646
6310,9989
6311,1802
6312,3199
6313,7632
6314,4464
6315,6077
6316,9145
6317,6106
6318,4881
6319,6082
6320,6970
6321,1749
6322,8826
6323,44
6324,2551
6325,6064
6326,1288
6327,8951
6328,139
6329,144
6330,8524
6331,1437
6332,6910
6333,7797
6334,9047
6335,7870
6336,9218
6337,9406
6338,1128
6339,4146
6340,9223
6341,681
6342,2337
6343,167
6344,541
6345,7160
6346,7844
6347,8887
6348,9175
6349,3860
6350,4168
6351,3453
6352,5413
6353,9948
6354,6858
6355,5182
6356,6729
6357,2729
6358,2949
6359,4883
6360,6216
6361,528
6362,118
6363,4599
6364,8016
6365,6130
6366,6646
6367,7952
6368,6473
6369,6576
6370,28
6371,944
6372,369
6373,2828
6374,7115
6375,7436
6376,9106
6377,7564
6378,5289
6379,1468
6380,8137
6381,6770
6382,9571
6383,1111
6384,3495
6385,2823
6386,1264
6387,2789
6388,6675
6389,333
6390,1278
6391,7569
6392,2935
6393,703
6394,8726
6395,5315
6396,6169
6397,6296
6398,3890
6399,687
6400,176
6401,785
6402,3578
6403,9771
6404,7248
6405,1028
6406,4510
6407,2381
6408,1230
6409,779
6410,2902
6411,8696
6412,1690
6413,5390
6414,8283
6415,2055
6416,649
6417,2296
6418,5751
6419,8224
6420,1829
6421,7969
6422,6118
6423,5532
6424,3817
6425,6938
6426,2920
6427,8810
6428,5322
6429,7104
6430,1977
6431,4486
6432,5535
6433,7275
6434,8803
6435,8593
6436,8970
6437,3627
6438,9832
6439,4396
6440,288
6441,8289
6442,1481
6443,9869
6444,8541
6445,9766
6446,1615
6447,1387
6448,4794
6449,7575
6450,9408
6451,1498
6452,7958
6453,3554
6454,6199
6455,1668
6456,8381
6457,9972
6458,2670
6459,6131
6460,827
6461,4969
6462,5351
6463,9105
6464,597
6465,7135
6466,5165
6467,1918
6468,4553
6469,1983
6470,6804
6471,9478
6472,3287
6473,8092
6474,1300
6475,5371
6476,2995
6477,6504
6478,8809
6479,7445
6480,9333
6481,6223
6482,3164
6483,4007
6484,4865
6485,7162
6486,7123
6487,717
6488,3759
6489,3493
6490,314
6491,1442
6492,6448
6493,6656
6494,2052
6495,2219
6496,3135
6497,493
6498,1695
6499,82
6500,970
6501,4645
6502,915
6503,4604
6504,510
6505,5062
6506,1650
6507,5911
6508,8036
6509,9119
6510,7261
6511,9772
6512,5848
6513,8631
6514,635
6515,1765
6516,6930
6517,2001
6518,3380
6519,6793
6520,6394
6521,2103
6522,5548
6523,1568
6524,7116
6525,4069
6526,9202
6527,7009
6528,1269
6529,5006
6530,3053
6531,440
6532,5687
6533,4388
6534,1626
6535,2094
6536,4906
6537,39
6538,4726
6539,9740
6540,6702
6541,1259
6542,3143
6543,7857
6544,6036
6545,8328
6546,604
6547,8042
6548,6760
6549,2745
6550,5426
6551,3159
6552,7374
6553,7077
6554,7026
6555,9199
6556,7637
6557,3376
6558,2266
6559,2165
6560,9528
6561,4210
6562,2060
6563,7581
6564,4002
6565,4122
6566,8084
6567,4579
6568,5104
6569,6225
6570,3909
6571,8324
6572,9805
6573,2955
6574,4
6575,9670
6576,3405
6577,385
6578,9880
6579,4827
6580,7747
6581,2503
6582,6787
6583,8692
6584,3065
6585,6908
6586,6686
6587,6081
6588,547
6589,3804
6590,5747
6591,694
6592,7736
6593,9737
6594,8586
6595,5049
6596,7702
6597,7705
6598,917
6599,4289
6600,7211
6601,374
6602,3950
6603,5444
6604,8018
6605,5613
6606,9021
6607,2880
6608,2795
6609,6948
6610,558
6611,6431
6612,6746
6613,5274
6614,4222
6615,583
6616,1405
6617,3389
6618,6285
6619,7129
6620,400
6621,2078
6622,2791
6623,9718
6624,9618
6625,446
6626,1526
6627,1692
6628,8562
6629,3050
6630,1200
6631,6939
6632,2981
6633,2852
6634,5251
6635,1875
6636,8851
6637,272
6638,1346
6639,3080
6640,6480
6641,8979
6642,1309
6643,5650
6644,1560
6645,2722
6646,4159
6647,9306
6648,3298
6649,1088
6650,8446
6651,3150
6652,4779
6653,6233
6654,6786
6655,2084
6656,4287
6657,5913
6658,8876
6659,6649
6660,7328
6661,3152
6662,7503
6663,4943
6664,6115
6665,3856
6666,2790
6667,5736
6668,5947
6669,6079
6670,5288
6671,8723
6672,9293
6673,182
6674,9538
6675,7184
6676,8182
6677,3822
6678,5282
6679,3675
6680,7470
6681,7545
6682,9797
6683,6271
6684,1389
6685,6007
6686,7453
6687,9248
6688,1832
6689,8501
6690,2161
6691,237
6692,7365
6693,5109
6694,2394
6695,927
6696,1699
6697,9931
6698,1589
6699,494
6700,2723
6701,9884
6702,46
6703,5704
6704,1970
6705,2849
6706,2397
6707,5712
6708,6946
6709,5241
6710,5722
6711,3941
6712,8487
6713,2793
6714,4747
6715,4784
6716,3134
6717,782
6718,6449
6719,8768
6720,9668
6721,4094
6722,5808
6723,896
6724,7534
6725,7623
6726,9191
6727,6906
6728,2769
6729,5452
6730,151
6731,7973
6732,954
6733,3122
6734,5102
6735,933
6736,9482
6737,428
6738,4689
6739,2482
6740,9087
6741,1976
6742,2617
6743,5326
6744,3877
6745,5569
6746,6353
6747,8244
6748,9808
6749,2647
6750,9638
6751,3343
6752,1554
6753,2532
6754,8263
6755,2167
6756,9222
6757,8609
6758,9217
6759,2883
6760,6626
6761,3643
6762,4633
6763,6177
6764,4981
6765,910
6766,2715
6767,3637
6768,2695
6769,5141
6770,7946
6771,9371
6772,958
6773,7620
6774,3127
6775,6145
6776,3884
6777,8893
6778,7441
6779,8431
6780,8392
6781,8944
6782,1815
6783,2311
6784,3747
6785,4097
6786,473
6787,742
6788,2959
6789,7527
6790,5665
6791,7826
6792,6368
6793,8783
6794,3812
6795,816
6796,6828
6797,2863
6798,4383
6799,9781
6800,7749
6801,4967
6802,922
6803,7108
6804,5299
6805,360
6806,4860
6807,9268
6808,2542
6809,3593
6810,5818
6811,1470
6812,2465
6813,4517
6814,9019
6815,7251
6816,6349
6817,7015
6818,5424
6819,5923
6820,6757
6821,9842
6822,566
6823,778
6824,2140
6825,4804
6826,45
6827,3059
6828,2321
6829,7282
6830,1759
6831,1899
6832,9449
6833,8417
6834,679
6835,6654
6836,5170
6837,3918
6838,4125
6839,7221
6840,7008
6841,930
6842,3309
6843,1914
6844,6138
6845,5278
6846,2631
6847,6474
6848,7110
6849,7241
6850,3103
6851,7456
6852,688
6853,3413
6854,8506
6855,3002
6856,312
6857,4378
6858,1960
6859,5319
6860,468
6861,3973
6862,6147
6863,7597
6864,4491
6865,5298
6866,8874
6867,5760
6868,7700
6869,6239
6870,3365
6871,8349
6872,1280
6873,3317
6874,5962
6875,5610
6876,514
6877,8545
6878,2948
6879,7851
6880,2461
6881,8211
6882,97
6883,8727
6884,587
6885,526
6886,4400
6887,2554
6888,6624
6889,7635
6890,5347
6891,7775
6892,9357
6893,1267
6894,5556
6895,3833
6896,1986
6897,2996
6898,9274
6899,9082
6900,2133
6901,8057
6902,7520
6903,71
6904,9568
6905,3446
6906,4715
6907,165
6908,1154
6909,3452
6910,412
6911,4765
6912,9282
6913,2369
6914,9151
6915,4093
6916,9920
6917,281
6918,5964
6919,7638
6920,3617
6921,5979
6922,9602
6923,3785
6924,8021
6925,1113
6926,7065
6927,7595
6928,9284
6929,7419
6930,924
6931,6127
6932,6508
6933,3929
6934,9592
6935,4720
6936,3443
6937,4150
6938,6281
6939,8221
6940,8509
6941,3840
6942,5075
6943,5492
6944,1003
6945,3962
6946,2926
6947,6966
6948,2384
6949,3334
6950,2685
6951,3988
6952,5495
6953,7551
6954,1479
6955,1860
6956,4669
6957,677
6958,4603
6959,5488
6960,6322
6961,5286
6962,7361
6963,3598
6964,7754
6965,9613
6966,2528
6967,4233
6968,1507
6969,4101
6970,4836
6971,6243
6972,7457
6973,2573
6974,6985
6975,1100
6976,9023
6977,2700
6978,2986
6979,2082
6980,7555
6981,9956
6982,6085
6983,3307
6984,6004
6985,4062
6986,4556
6987,6914
6988,8896
6989,4703
6990,8207
6991,232
6992,2047
6993,7187
6994,5679
6995,9928
6996,798
6997,9917
6998,9503
6999,5256
7000,4544
7001,6776
7002,8516
7003,8013
7004,6657
7005,6366
7006,7249
7007,5018
7008,1222
7009,3680
7010,6412
7011,791
7012,5886
7013,9346
7014,4575
7015,1938
7016,6552
7017,1102
7018,1678
7019,1799
7020,9840
7021,9988
7022,6973
7023,8858
7024,9116
7025,8110
7026,1987
7027,8725
7028,8945
7029,7790
7030,7937
7031,6132
7032,2606
7033,9078
7034,124
7035,133
7036,6740
7037,7081
7038,3506
7039,671
7040,7434
7041,6701
7042,6781
7043,8843
7044,3160
7045,2367
7046,2603
7047,5750
7048,2265
7049,7383
7050,5558
7051,3516
7052,2390
7053,3300
7054,5505
7055,5971
7056,8520
7057,1942
7058,3559
7059,5656
7060,6217
7061,940
7062,4283
7063,874
7064,1304
7065,1772
7066,9384
7067,3105
7068,8416
7069,1602
7070,3153
7071,8464
7072,173
7073,1091
7074,2017
7075,8885
7076,2044
7077,6435
7078,4716
7079,1524
7080,6978
7081,7924
7082,3395
7083,2194
7084,7423
7085,3210
7086,3393
7087,9855
7088,1411
7089,540
7090,2862
7091,1667
7092,4275
7093,1076
7094,6440
7095,1719
7096,8892
7097,5780
7098,9055
7099,7627
7100,5238
7101,7136
7102,9220
7103,517
7104,6824
7105,1152
7106,3639
7107,5655
7108,2141
7109,6805
7110,8409
7111,1896
7112,2023
7113,6330
7114,2229
7115,5601
7116,6348
7117,4933
7118,7649
7119,8076
7120,5662
7121,6752
7122,1944
7123,5828
7124,8443
7125,1453
7126,1791
7127,5002
7128,8117
7129,2870
7130,3476
7131,1226
7132,7975
7133,3679
7134,3684
7135,397
7136,4500
7137,2478
7138,6564
7139,3206
7140,8400
7141,9393
7142,741
7143,9032
7144,6173
7145,372
7146,9000
7147,2752
7148,5953
7149,7832
7150,4753
7151,1836
7152,9427
7153,3701
7154,5784
7155,6525
7156,7671
7157,5382
7158,4739
7159,162
7160,7303
7161,2417
7162,5545
7163,1301
7164,3573
7165,8517
7166,8451
7167,4714
7168,9257
7169,2637
7170,3437
7171,9364
7172,5598
7173,7955
7174,1767
7175,2713
7176,3807
7177,9720
7178,3491
7179,56
7180,764
7181,1232
7182,776
7183,608
7184,266
7185,6879
7186,4199
7187,5713
7188,1493
7189,5029
7190,3489
7191,3470
7192,4731
7193,5082
7194,1952
7195,6689
7196,529
7197,3483
7198,9448
7199,9831
7200,7046
7201,7464
7202,8069
7203,1173
7204,4454
7205,7331
7206,4120
7207,4270
7208,5187
7209,6053
7210,8491
7211,5022
7212,1220
7213,1710
7214,1002
7215,5476
7216,8660
7217,8126
7218,5208
7219,4951
7220,7103
7221,3972
7222,9709
7223,1631
7224,5563
7225,8339
7226,5101
7227,461
7228,334
7229,1540
7230,9351
7231,1213
7232,1153
7233,2645
7234,5823
7235,5596
7236,2674
7237,1229
7238,3588
7239,4516
7240,7225
7241,1048
7242,4986
7243,9540
7244,6058
7245,5742
7246,3420
7247,7709
7248,1368
7249,8153
7250,8187
7251,555
7252,33
7253,4742
7254,4668
7255,7024
7256,4279
7257,5359
7258,9522
7259,3183
7260,2898
7261,8929
7262,8708
7263,3455
7264,7371
7265,6354
7266,342
7267,3245
7268,5393
7269,5769
7270,5804
7271,8424
7272,6483
7273,5988
7274,9669
7275,6289
7276,693
7277,6887
7278,7670
7279,7759
7280,4123
7281,2988
7282,9359
7283,5372
7284,3409
7285,3191
7286,1068
7287,2581
7288,7758
7289,8598
7290,4849
7291,2086
7292,3886
7293,7194
7294,4721
7295,8047
7296,1242
7297,75
7298,7060
7299,7385
7300,2227
7301,3528
7302,7031
7303,8257
7304,1120
7305,3282
7306,3841
7307,7267
7308,8440
7309,163
7310,3270
7311,4610
7312,1996
7313,9927
7314,4907
7315,7701
7316,682
7317,1882
7318,2666
7319,3043
7320,7983
7321,9247
7322,5900
7323,3402
7324,4189
7325,2754
7326,5550
7327,3737
7328,392
7329,1569
7330,7780
7331,8473
7332,6046
7333,1103
7334,7885
7335,1995
7336,4489
7337,5565
7338,323
7339,2215
7340,2586
7341,1651
7342,5365
7343,7353
7344,5892
7345,3897
7346,9642
7347,2420
7348,2468
7349,8758
7350,3299
7351,1887
7352,7397
7353,1033
7354,4376
7355,5918
7356,2164
7357,2975
7358,2751
7359,3848
7360,1359
7361,8614
7362,3141
7363,5557
7364,8106
7365,1340
7366,6794
7367,8795
7368,6128
7369,6149
7370,8017
7371,2076
7372,7013
7373,672
7374,1079
7375,2702
7376,4017
7377,1184
7378,5236
7379,213
7380,7326
7381,9249
7382,9829
7383,1559
7384,7491
7385,5689
7386,1281
7387,285
7388,9213
7389,17
7390,5481
7391,1979
7392,3818
7393,2444
7394,3850
7395,3445
7396,9128
7397,6572
7398,352
7399,8832
7400,2527
7401,2260
7402,8037
7403,3171
7404,4793
7405,4810
7406,5537
7407,5098
7408,239
7409,2627
7410,8553
7411,2780
7412,6384
7413,5438
7414,9181
7415,7513
7416,7360
7417,8026
7418,1373
7419,8489
7420,3823
7421,7692
7422,6190
7423,4151
7424,5034
7425,6336
7426,8841
7427,3512
7428,9578
7429,5539
7430,9085
7431,9702
7432,4727
7433,3465
7434,339
7435,3257
7436,1582
7437,8523
7438,6810
7439,8434
7440,7039
7441,8766
7442,1382
7443,3757
7444,8636
7445,9120
7446,2815
7447,6258
7448,8365
7449,337
7450,243
7451,1029
7452,1567
7453,9075
7454,1390
7455,6089
7456,5099
7457,515
7458,5406
7459,7669
7460,9494
7461,1325
7462,941
7463,7417
7464,2616
7465,6411
7466,1871
7467,1007
7468,1922
7469,2259
7470,576
7471,6214
7472,3255
7473,7821
7474,9530
7475,3541
7476,9853
7477,8419
7478,1019
7479,5796
7480,7751
7481,9016
7482,1620
7483,5094
7484,1025
7485,416
7486,4342
7487,5013
7488,8423
7489,7329
7490,4074
7491,9228
7492,1462
7493,4952
7494,973
7495,3953
7496,7794
7497,772
7498,3094
7499,2740
7500,3174
7501,8074
7502,6257
7503,3971
7504,562
7505,7219
7506,1664
7507,6360
7508,4058
7509,9352
7510,258
7511,7699
7512,5081
7513,800
7514,5409
7515,8819
7516,5585
7517,1497
7518,9277
7519,5861
7520,6857
7521,8306
7522,4535
7523,7855
7524,7781
7525,6015
7526,260
7527,6063
7528,7717
7529,3851
7530,8640
7531,7931
7532,6387
7533,651
7534,2160
7535,1933
7536,2547
7537,3254
7538,3829
7539,8691
7540,3748
7541,8049
7542,2970
7543,8798
7544,8488
7545,5694
7546,3602
7547,7382
7548,9665
7549,8836
7550,9300
7551,1262
7552,6244
7553,733
7554,8251
7555,4105
7556,418
7557,3020
7558,9599
7559,6248
7560,8237
7561,1913
7562,8149
7563,1159
7564,4208
7565,9712
7566,4343
7567,2982
7568,8285
7569,5132
7570,4650
7571,9944
7572,2104
7573,9923
7574,474
7575,2374
7576,9683
7577,9727
7578,1853
7579,846
7580,4824
7581,5450
7582,9622
7583,948
7584,2489
7585,5478
7586,5690
7587,3098
7588,4916
7589,2809
7590,8913
7591,3721
7592,6969
7593,8856
7594,2829
7595,6603
7596,900
7597,396
7598,5493
7599,3179
7600,4788
7601,8379
7602,274
7603,6267
7604,9169
7605,1869
7606,5852
7607,6931
7608,7919
7609,9553
7610,2155
7611,3208
7612,3613
7613,3035
7614,110
7615,8086
7616,2800
7617,5614
7618,3628
7619,6455
7620,740
7621,7697
7622,8118
7623,2452
7624,8561
7625,3867
7626,8765
7627,3421
7628,9417
7629,7418
7630,3424
7631,4065
7632,7276
7633,5868
7634,8512
7635,4627
7636,5831
7637,7774
7638,2272
7639,8143
7640,7444
7641,2704
7642,3370
7643,5429
7644,6575
7645,3049
7646,7148
7647,5396
7648,3247
7649,3092
7650,8694
7651,1947
7652,1644
7653,3647
7654,2876
7655,1506
7656,1623
7657,5675
7658,9431
7659,748
7660,3000
7661,2925
7662,3265
7663,5269
7664,5551
7665,5125
7666,7561
7667,8068
7668,8898
7669,7426
7670,9511
7671,831
7672,7866
7673,8950
7674,638
7675,3853
7676,4826
7677,1451
7678,9813
7679,7724
7680,863
7681,7801
7682,3543
7683,9344
7684,2634
7685,9696
7686,261
7687,2213
7688,5771
7689,424
7690,4149
7691,1225
7692,3351
7693,605
7694,6891
7695,4628
7696,8371
7697,789
7698,9121
7699,2202
7700,5091
7701,2310
7702,676
7703,8308
7704,8811
7705,4527
7706,8135
7707,5430
7708,3190
7709,1027
7710,3052
7711,6789
7712,1170
7713,4548
7714,7283
7715,273
7716,7710
7717,959
7718,1393
7719,1613
7720,7639
7721,3093
7722,8264
7723,868
7724,4743
7725,2714
7726,3051
7727,5991
7728,4547
7729,659
7730,3084
7731,9170
7732,7305
7733,6165
7734,3797
7735,9582
7736,8291
7737,9074
7738,9489
7739,2285
7740,6280
7741,8872
7742,9659
7743,3155
7744,6571
7745,8261
7746,7469
7747,7076
7748,3947
7749,4485
7750,2424
7751,460
7752,6660
7753,523
7754,923
7755,1892
7756,3919
7757,5790
7758,3563
7759,3999
7760,8629
7761,9692
7762,2008
7763,6016
7764,2235
7765,3913
7766,6037
7767,7390
7768,5084
7769,3227
7770,4051
7771,9137
7772,2304
7773,8412
7774,1341
7775,1516
7776,1917
7777,6604
7778,2183
7779,4328
7780,4440
7781,4034
7782,6066
7783,5173
7784,1542
7785,4705
7786,5801
7787,485
7788,4766
7789,8522
7790,6400
7791,9286
7792,1563
7793,2934
7794,9636
7795,1306
7796,2077
7797,5940
7798,8964
7799,2987
7800,6811
7801,8493
7802,8045
7803,6553
7804,737
7805,4653
7806,2159
7807,132
7808,7189
7809,5019
7810,859
7811,817
7812,8273
7813,1324
7814,5908
7815,2939
7816,7205
7817,9930
7818,433
7819,5546
7820,5974
7821,2018
7822,2346
7823,6401
7824,761
7825,9699
7826,2884
7827,353
7828,8539
7829,3275
7830,6265
7831,5779
7832,7095
7833,1052
7834,9964
7835,1588
7836,5485
7837,5124
7838,2245
7839,116
7840,8073
7841,7093
7842,5547
7843,4281
7844,7664
7845,4272
7846,1812
7847,5312
7848,7113
7849,6396
7850,1087
7851,7215
7852,2312
7853,5408
7854,9299
7855,1419
7856,6176
7857,7092
7858,1326
7859,5825
7860,389
7861,2578
7862,881
7863,7316
7864,2153
7865,5000
7866,8374
7867,3414
7868,441
7869,7612
7870,4330
7871,3367
7872,6476
7873,4389
7874,1205
7875,4562
7876,4046
7877,5181
7878,3802
7879,8124
7880,7131
7881,8192
7882,2247
7883,5894
7884,8369
7885,8129
7886,9654
7887,2565
7888,9715
7889,201
7890,190
7891,3859
7892,6611
7893,1490
7894,7793
7895,9370
7896,1046
7897,7711
7898,9818
7899,7828
7900,3355
7901,1445
7902,1934
7903,6707
7904,7155
7905,8142
7906,2570
7907,2013
7908,3565
7909,5391
7910,8754
7911,6376
7912,7560
7913,7449
7914,9581
7915,5834
7916,9644
7917,2649
7918,5
7919,3224
7920,7461
7921,4898
7922,4968
7923,117
7924,5607
7925,5835
7926,50
7927,9653
7928,4497
7929,5323
7930,2271
7931,2441
7932,9542
7933,5624
7934,992
7935,4926
7936,2678
7937,292
7938,1349
7939,5520
7940,7621
7941,2732
7942,6140
7943,8905
7944,1533
7945,2954
7946,3794
7947,2377
7948,8948
7949,2759
7950,1348
7951,5127
7952,5963
7953,3433
7954,9109
7955,4982
7956,4528
7957,477
7958,6457
7959,9663
7960,31
7961,2294
7962,4086
7963,335
7964,4819
7965,5530
7966,8713
7967,1980
7968,4430
7969,6342
7970,2904
7971,1830
7972,5009
7973,2635
7974,3172
7975,8667
7976,2761
7977,9795
7978,2940
7979,9792
7980,1125
7981,5437
7982,9803
7983,3004
7984,3689
7985,5339
7986,1539
7987,2979
7988,1290
7989,3597
7990,2211
7991,4484
7992,2228
7993,7570
7994,3064
7995,3211
7996,9425
7997,2720
7998,8825
7999,2036
8000,6957
8001,79
8002,7408
8003,8760
8004,8558
8005,8022
8006,6197
8007,1669
8008,5774
8009,7499
8010,866
8011,9658
8012,9865
8013,1816
8014,1045
8015,5055
8016,6148
8017,3815
8018,4429
8019,8012
8020,5973
8021,8537
8022,2203
8023,7485
8024,567
8025,2010
8026,4915
8027,8737
8028,8242
8029,6262
8030,8701
8031,9591
8032,6361
8033,8199
8034,179
8035,9319
8036,636
8037,8746
8038,5782
8039,9769
8040,1854
8041,3434
8042,1662
8043,3632
8044,2836
8045,3792
8046,4930
8047,8122
8048,8788
8049,35
8050,8702
8051,8676
8052,1645
8053,9860
8054,5003
8055,9621
8056,4348
8057,6929
8058,8780
8059,7
8060,8039
8061,2475
8062,2837
8063,5705
8064,294
8065,7667
8066,8297
8067,5637
8068,8223
8069,9651
8070,5463
8071,1361
8072,2738
8073,1794
8074,5706
8075,7488
8076,6052
8077,2843
8078,9588
8079,7290
8080,4193
8081,7800
8082,8497
8083,9439
8084,743
8085,4596
8086,6899
8087,7406
8088,4863
8089,5591
8090,2025
8091,5227
8092,7721
8093,810
8094,2054
8095,3175
8096,227
8097,3081
8098,5813
8099,9685
8100,2102
8101,9483
8102,6477
8103,848
8104,2798
8105,1150
8106,447
8107,3760
8108,9037
8109,961
8110,3063
8111,2414
8112,5999
8113,8853
8114,3730
8115,6164
8116,4460
8117,3252
8118,3904
8119,5290
8120,187
8121,5501
8122,1190
8123,2223
8124,7992
8125,7392
8126,3241
8127,3949
8128,5896
8129,7726
8130,9429
8131,1189
8132,9369
8133,7676
8134,32
8135,3503
8136,8729
8137,7858
8138,9179
8139,1476
8140,660
8141,5283
8142,8721
8143,7977
8144,5590
8145,1272
8146,1134
8147,8606
8148,3987
8149,4757
8150,7358
8151,226
8152,246
8153,6554
8154,8577
8155,2178
8156,114
8157,8136
8158,134
8159,2147
8160,7544
8161,2056
8162,9458
8163,648
8164,4195
8165,5423
8166,1856
8167,2919
8168,3459
8169,4656
8170,93
8171,1704
8172,2538
8173,6424
8174,8280
8175,5609
8176,5560
8177,8847
8178,6380
8179,7839
8180,259
8181,2785
8182,8483
8183,8479
8184,2969
8185,4004
8186,5122
8187,8618
8188,6379
8189,8220
8190,4985
8191,8984
8192,7130
8193,2019
8194,3266
8195,3039
8196,8053
8197,889
8198,3715
8199,1069
8200,5263
8201,5142
8202,6055
8203,2411
8204,4057
8205,1534
8206,2334
8207,6356
8208,8991
8209,3279
8210,650
8211,3780
8212,5061
8213,6889
8214,5882
8215,5639
8216,6329
8217,1369
8218,9549
8219,4679
8220,784
8221,7458
8222,9733
8223,8278
8224,52
8225,384
8226,5800
8227,7732
8228,1734
8229,7574
8230,9285
8231,5761
8232,8168
8233,4900
8234,8159
8235,3068
8236,9225
8237,4144
8238,2699
8239,7477
8240,9908
8241,783
8242,6224
8243,8141
8244,5473
8245,2619
8246,5389
8247,9238
8248,8003
8249,4462
8250,771
8251,2255
8252,5516
8253,8127
8254,2710
8255,780
8256,4142
8257,6350
8258,9256
8259,3022
8260,9655
8261,6591
8262,2869
8263,8510
8264,4495
8265,8229
8266,7511
8267,4536
8268,5151
8269,7296
8270,2579
8271,6954
8272,1430
8273,8201
8274,9320
8275,7720
8276,1930
8277,2906
8278,2144
8279,1090
8280,6643
8281,6487
8282,6739
8283,9844
8284,4446
8285,9158
8286,3607
8287,1546
8288,5044
8289,7173
8290,8332
8291,7045
8292,5226
8293,1435
8294,9143
8295,2083
8296,7043
8297,5233
8298,5817
8299,8130
8300,4996
8301,4040
8302,5401
8303,8781
8304,2664
8305,2048
8306,2037
8307,7536
8308,8455
8309,716
8310,6798
8311,8514
8312,8608
8313,4817
8314,4114
8315,6250
8316,2803
8317,590
8318,5792
8319,9444
8320,5904
8321,8830
8322,94
8323,4741
8324,9080
8325,837
8326,234
8327,407
8328,4050
8329,9216
8330,436
8331,9042
8332,963
8333,1865
8334,6680
8335,5010
8336,9203
8337,8654
8338,7127
8339,7230
8340,1345
8341,3500
8342,8763
8343,9186
8344,9496
8345,8617
8346,1041
8347,2383
8348,7886
8349,8470
8350,7247
8351,5327
8352,1228
8353,8573
8354,1715
8355,8775
8356,1577
8357,6783
8358,6597
8359,2980
8360,4147
8361,4052
8362,3460
8363,8407
8364,1197
8365,5899
8366,6295
8367,1737
8368,2480
8369,4771
8370,308
8371,5497
8372,3661
8373,1530
8374,8435
8375,221
8376,6898
8377,5972
8378,4238
8379,5016
8380,1367
8381,7891
8382,4408
8383,511
8384,3766
8385,9943
8386,9675
8387,8821
8388,4539
8389,9053
8390,2363
8391,1031
8392,1894
8393,184
8394,5676
8395,5576
8396,241
8397,8171
8398,327
8399,5279
8400,5355
8401,2888
8402,8219
8403,2046
8404,3791
8405,1180
8406,2428
8407,3742
8408,1873
8409,8046
8410,3484
8411,1275
8412,601
8413,7872
8414,8599
8415,8190
8416,3382
8417,7817
8418,6301
8419,7665
8420,707
8421,3123
8422,1957
8423,1429
8424,7000
8425,2320
8426,5887
8427,2396
8428,557
8429,3087
8430,2597
8431,8989
8432,2788
8433,9514
8434,9809
8435,5561
8436,4589
8437,419
8438,3946
8439,7199
8440,7744
8441,8662
8442,8402
8443,2197
8444,7841
8445,9736
8446,2316
8447,87
8448,5707
8449,5850
8450,2658
8451,3772
8452,9142
8453,8953
8454,3745
8455,965
8456,5521
8457,2158
8458,11
8459,6191
8460,9232
8461,1763
8462,2701
8463,6687
8464,9753
8465,8213
8466,9916
8467,947
8468,4962
8469,3970
8470,4847
8471,7788
8472,3435
8473,5065
8474,3835
8475,6403
8476,6747
8477,5577
8478,6506
8479,2061
8480,2474
8481,2454
8482,1581
8483,8368
8484,4914
8485,3728
8486,9826
8487,2896
8488,6341
8489,5025
8490,7052
8491,9335
8492,1824
8493,3335
8494,287
8495,8139
8496,6171
8497,9900
8498,1067
8499,1096
8500,4789
8501,6302
8502,1880
8503,216
8504,8600
8505,1842
8506,5993
8507,8277
8508,2698
8509,3001
8510,602
8511,5100
8512,5394
8513,9162
8514,4166
8515,4532
8516,1655
8517,7027
8518,3436
8519,4638
8520,815
8521,5285
8522,356
8523,6877
8524,7588
8525,2169
8526,3536
8527,1331
8528,2057
8529,1735
8530,7577
8531,7936
8532,2093
8533,4318
8534,9551
8535,5643
8536,8966
8537,8897
8538,2924
8539,5462
8540,6221
8541,8938
8542,4014
8543,8438
8544,2610
8545,656
8546,8759
8547,3887
8548,5145
8549,5479
8550,5162
8551,9103
8552,3993
8553,1558
8554,6708
8555,5515
8556,9722
8557,5398
8558,5961
8559,7939
8560,5580
8561,7590
8562,9595
8563,4214
8564,6182
8565,8588
8566,3047
8567,6438
8568,381
8569,6456
8570,8954
8571,1101
8572,7034
8573,7824
8574,1745
8575,1696
8576,8294
8577,8963
8578,4324
8579,5265
8580,8167
8581,9788
8582,9302
8583,5811
8584,594
8585,4993
8586,6956
8587,3357
8588,6961
8589,2819
8590,3580
8591,6100
8592,1855
8593,1104
8594,1553
8595,4802
8596,5427
8597,9292
8598,9501
8599,1372
8600,6634
8601,8155
8602,1412
8603,362
8604,4683
8605,6607
8606,7500
8607,2281
8608,2349
8609,3527
8610,3012
8611,1167
8612,5402
8613,6152
8614,8814
8615,2520
8616,4659
8617,3130
8618,8163
8619,6996
8620,1956
8621,1315
8622,2765
8623,3658
8624,8040
8625,8441
8626,6583
8627,553
8628,1994
8629,2080
8630,632
8631,5498
8632,1666
8633,7657
8634,7242
8635,1193
8636,7944
8637,3989
8638,8254
8639,3283
8640,9176
8641,7033
8642,3037
8643,1858
8644,3472
8645,5542
8646,5441
8647,6984
8648,3030
8649,4326
8650,9785
8651,3744
8652,1353
8653,3925
8654,7916
8655,3796
8656,5838
8657,9955
8658,4155
8659,943
8660,1332
8661,7622
8662,5824
8663,5039
8664,3258
8665,6014
8666,5714
8667,1575
8668,2731
8669,6393
8670,521
8671,1273
8672,4246
8673,2755
8674,3749
8675,9857
8676,7252
8677,9745
8678,6429
8679,2536
8680,918
8681,6153
8682,1523
8683,7903
8684,1157
8685,2877
8686,9380
8687,9490
8688,4660
8689,5071
8690,5783
8691,571
8692,4282
8693,6292
8694,9760
8695,6369
8696,3657
8697,3427
8698,16
8699,9870
8700,3285
8701,2038
8702,6885
8703,6647
8704,5047
8705,2833
8706,7802
8707,949
8708,8151
8709,7996
8710,1452
8711,8271
8712,9325
8713,1054
8714,2446
8715,9270
8716,265
8717,3975
8718,2074
8719,9904
8720,1198
8721,6364
8722,1423
8723,903
8724,8499
8725,9893
8726,8060
8727,5826
8728,1338
8729,69
8730,7377
8731,2655
8732,2847
8733,6502
8734,8895
8735,6485
8736,912
8737,3358
8738,7472
8739,5518
8740,1032
8741,2166
8742,3544
8743,6638
8744,168
8745,6327
8746,1364
8747,9827
8748,4886
8749,8786
8750,563
8751,1862
8752,8515
8753,96
8754,1727
8755,6731
8756,156
8757,309
8758,5206
8759,7522
8760,2305
8761,2568
8762,9091
8763,5316
8764,7558
8765,2005
8766,2118
8767,3038
8768,1514
8769,7066
8770,7516
8771,1991
8772,3102
8773,6733
8774,3826
8775,7949
8776,2443
8777,4503
8778,5215
8779,9200
8780,4156
8781,6333
8782,8594
8783,4706
8784,4567
8785,5994
8786,3825
8787,7514
8788,7375
8789,387
8790,438
8791,6061
8792,9272
8793,1216
8794,5732
8795,7854
8796,54
8797,8154
8798,7350
8799,2487
8800,3226
8801,3774
8802,1291
8803,9975
8804,9739
8805,6363
8806,9521
8807,836
8808,5586
8809,5592
8810,6590
8811,5976
8812,7995
8813,5384
8814,3195
8815,2218
8816,1801
8817,3985
8818,7369
8819,2510
8820,4116
8821,8227
8822,3253
8823,6856
8824,7767
8825,7217
8826,467
8827,8361
8828,8554
8829,4622
8830,3314
8831,4278
8832,1744
8833,5874
8834,2624
8835,9098
8836,8265
8837,154
8838,6535
8839,3873
8840,8922
8841,9776
8842,9161
8843,6075
8844,6620
8845,6389
8846,1082
8847,7663
8848,4761
8849,2431
8850,4785
8851,5153
8852,1188
8853,6300
8854,7245
8855,968
8856,9237
8857,7825
8858,2712
8859,6076
8860,4064
8861,2760
8862,6484
8863,1643
8864,6750
8865,3388
8866,1780
8867,3939
8868,7318
8869,9388
8870,9971
8871,4054
8872,5262
8873,7750
8874,9028
8875,4526
8876,6156
8877,5117
8878,366
8879,8258
8880,2302
8881,1480
8882,3948
8883,3019
8884,8088
8885,3295
8886,3458
8887,2546
8888,797
8889,3442
8890,1317
8891,9929
8892,4009
8893,9368
8894,5363
8895,664
8896,2032
8897,7690
8898,5421
8899,7336
8900,8133
8901,9339
8902,5376
8903,8536
8904,8215
8905,6771
8906,3681
8907,538
8908,5745
8909,2175
8910,8925
8911,8007
8912,9775
8913,2743
8914,298
8915,8551
8916,7910
8917,4027
8918,5867
8919,1413
8920,1013
8921,6872
8922,1963
8923,2415
8924,7197
8925,7543
8926,3885
8927,1266
8928,1386
8929,2126
8930,2373
8931,3667
8932,5519
8933,5805
8934,1455
8935,819
8936,5877
8937,6895
8938,6925
8939,9201
8940,4045
8941,4416
8942,5088
8943,582
8944,8428
8945,1380
8946,1384
8947,7166
8948,842
8949,1260
8950,4176
8951,2198
8952,7054
8953,2688
8954,7729
8955,8185
8956,4970
8957,2152
8958,2402
8959,7293
8960,367
8961,5268
8962,6255
8963,6703
8964,7743
8965,6833
8966,1274
8967,7849
8968,4550
8969,3923
8970,8286
8971,8787
8972,4685
8973,6568
8974,6777
8975,7424
8976,7238
8977,5914
8978,7005
8979,9459
8980,8533
8981,3983
8982,4730
8983,1017
8984,4180
8985,299
8986,9914
8987,4999
8988,953
8989,483
8990,6060
8991,7810
8992,8871
8993,1693
8994,4395
8995,1164
8996,4339
8997,5221
8998,4636
8999,2592
9000,841
9001,1972
9002,3964
9003,7030
9004,4179
9005,1006
9006,7208
9007,2557
9008,4216
9009,9990
9010,5552
9011,6450
9012,2201
9013,3644
9014,7953
9015,3694
9016,196
9017,1473
9018,6094
9019,6507
9020,1012
9021,7940
9022,8217
9023,9748
9024,7203
9025,8405
9026,22
9027,4937
9028,6875
9029,2859
9030,9178
9031,3805
9032,222
9033,6971
9034,3340
9035,9309
9036,8695
9037,9691
9038,2989
9039,8025
9040,6619
9041,284
9042,329
9043,5832
9044,1758
9045,774
9046,7280
9047,3575
9048,5666
9049,8720
9050,9863
9051,7288
9052,6661
9053,2607
9054,8183
9055,2973
9056,1147
9057,1531
9058,3006
9059,5652
9060,8666
9061,8820
9062,6436
9063,7012
9064,4399
9065,462
9066,2068
9067,332
9068,7150
9069,7986
9070,8724
9071,1733
9072,5066
9073,8961
9074,1753
9075,2922
9076,2844
9077,6232
9078,6963
9079,3982
9080,488
9081,9
9082,9015
9083,9165
9084,5928
9085,6109
9086,824
9087,1107
9088,7874
9089,2680
9090,2257
9091,9127
9092,5829
9093,6346
9094,5717
9095,131
9096,7715
9097,9868
9098,6749
9099,9376
9100,9625
9101,282
9102,5721
9103,19
9104,4253
9105,1573
9106,6582
9107,6941
9108,7297
9109,3207
9110,9820
9111,5843
9112,4115
9113,4733
9114,7075
9115,8857
9116,9873
9117,4202
9118,7421
9119,6959
9120,1712
9121,225
9122,8186
9123,6534
9124,2807
9125,8188
9126,972
9127,1370
9128,925
9129,6459
9130,4690
9131,1641
9132,6871
9133,2350
9134,9824
9135,6482
9136,6404
9137,4163
9138,4812
9139,4385
9140,7398
9141,8590
9142,6259
9143,7222
9144,4181
9145,9941
9146,6312
9147,2378
9148,489
9149,7411
9150,8965
9151,2491
9152,2434
9153,1962
9154,8563
9155,696
9156,4226
9157,5728
9158,7943
9159,3217
9160,2288
9161,2276
9162,2629
9163,9594
9164,9861
9165,8908
9166,9871
9167,4586
9168,1475
9169,7055
9170,8835
9171,395
9172,5118
9173,9030
9174,3810
9175,2252
9176,5380
9177,4566
9178,4469
9179,9004
9180,9523
9181,6495
9182,6994
9183,8005
9184,9189
9185,9329
9186,9584
9187,1513
9188,7128
9189,9614
9190,211
9191,9069
9192,6532
9193,7990
9194,8840
9195,2661
9196,8548
9197,753
9198,3660
9199,6463
9200,4643
9201,177
9202,7682
9203,491
9204,4647
9205,885
9206,9090
9207,5776
9208,9953
9209,4245
9210,9024
9211,9167
9212,6460
9213,3396
9214,2253
9215,6040
9216,1464
9217,6247
9218,1607
9219,3144
9220,3734
9221,2856
9222,6730
9223,9101
9224,3504
9225,1474
9226,4601
9227,7868
9228,3718
9229,4382
9230,999
9231,1202
9232,5072
9233,2338
9234,539
9235,1292
9236,9450
9237,76
9238,6028
9239,9698
9240,5990
9241,5803
9242,6801
9243,8336
9244,5525
9245,709
9246,4088
9247,9520
9248,1943
9249,711
9250,472
9251,6235
9252,9361
9253,9605
9254,3415
9255,5234
9256,9734
9257,2089
9258,5986
9259,9495
9260,9276
9261,6769
9262,1721
9263,3996
9264,3677
9265,370
9266,9707
9267,8679
9268,361
9269,658
9270,4207
9271,9878
9272,7548
9273,6999
9274,1385
9275,2185
9276,2950
9277,8587
9278,193
9279,9838
9280,2502
9281,3720
9282,161
9283,7277
9284,6167
9285,4929
9286,5901
9287,5956
9288,8580
9289,5860
9290,5898
9291,2234
9292,9502
9293,4711
9294,5739
9295,1503
9296,4773
9297,8100
9298,3952
9299,2775
9300,8955
9301,6631
9302,7343
9303,8128
9304,7521
9305,1857
9306,3839
9307,609
9308,1084
9309,2469
9310,7549
9311,2539
9312,1008
9313,5902
9314,4775
9315,1614
9316,6565
9317,5529
9318,5616
9319,6104
9320,7518
9321,1757
9322,3454
9323,4738
9324,4067
9325,1796
9326,5254
9327,6722
9328,4674
9329,3392
9330,5588
9331,9960
9332,9997
9333,9244
9334,713
9335,6315
9336,572
9337,850
9338,2957
9339,2473
9340,1394
9341,3568
9342,7202
9343,9184
9344,7565
9345,4234
9346,8429
9347,3540
9348,4081
9349,3416
9350,1417
9351,1713
9352,7307
9353,1501
9354,9833
9355,614
9356,8372
9357,1621
9358,2500
9359,5807
9360,8745
9361,6991
9362,8246
9363,5053
9364,9783
9365,6020
9366,7090
9367,4412
9368,8252
9369,8138
9370,7541
9371,1494
9372,4799
9373,147
9374,236
9375,4255
9376,9717
9377,66
9378,1632
9379,5443
9380,5636
9381,9100
9382,8603
9383,6222
9384,3505
9385,8158
9386,5623
9387,5716
9388,9919
9389,1127
9390,5830
9391,9262
9392,5302
9393,2256
9394,2526
9395,5859
9396,5506
9397,756
9398,7157
9399,4717
9400,9132
9401,1495
9402,8684
9403,2009
9404,2199
9405,8338
9406,534
9407,759
9408,2012
9409,3842
9410,207
9411,8595
9412,3615
9413,5743
9414,7616
9415,6107
9416,81
9417,8458
9418,542
9419,2239
9420,620
9421,2868
9422,6919
9423,9027
9424,2978
9425,9830
9426,2027
9427,5147
9428,6276
9429,5941
9430,9945
9431,804
9432,7159
9433,5447
9434,7694
9435,8087
9436,7920
9437,1926
9438,5611
9439,1527
9440,3046
9441,6922
9442,8373
9443,520
9444,5935
9445,470
9446,2669
9447,6527
9448,644
9449,4186
9450,7134
9451,8549
9452,2031
9453,5308
9454,9124
9455,25
9456,5331
9457,4880
9458,8191
9459,3076
9460,9125
9461,1590
9462,1984
9463,6825
9464,3363
9465,4515
9466,1284
9467,2806
9468,5095
9469,1256
9470,41
9471,2464
9472,3091
9473,2429
9474,5847
9475,7168
9476,5374
9477,5203
9478,3293
9479,7557
9480,7380
9481,9445
9482,1820
9483,2142
9484,6499
9485,4468
9486,7593
9487,7381
9488,2903
9489,8569
9490,8697
9491,67
9492,3079
9493,7951
9494,1355
9495,2148
9496,6616
9497,8816
9498,6405
9499,7614
9500,3110
9501,3213
9502,8310
9503,4856
9504,6102
9505,6840
9506,9079
9507,5579
9508,2879
9509,8216
9510,5744
9511,4001
9512,2728
9513,2994
9514,5815
9515,6550
9516,6682
9517,6452
9518,891
9519,8624
9520,9138
9521,569
9522,2971
9523,3614
9524,2258
9525,3898
9526,6556
9527,3604
9528,4021
9529,5789
9530,5007
9531,7072
9532,5140
9533,7212
9534,3021
9535,3077
9536,7099
9537,6378
9538,5797
9539,3608
9540,1653
9541,8411
9542,8807
9543,1499
9544,911
9545,8439
9546,8739
9547,4130
9548,7838
9549,4608
9550,6033
9551,1637
9552,1432
9553,6241
9554,6907
9555,8990
9556,9836
9557,7606
9558,2332
9559,8682
9560,5305
9561,6685
9562,4104
9563,6042
9564,8890
9565,7448
9566,857
9567,8150
9568,2191
9569,2653
9570,4392
9571,6955
9572,8008
9573,9789
9574,1491
9575,6943
9576,3243
9577,7796
9578,9111
9579,9296
9580,9383
9581,1505
9582,6861
9583,8494
9584,4380
9585,9976
9586,219
9587,2026
9588,8460
9589,5949
9590,6129
9591,8174
9592,9018
9593,4555
9594,3590
9595,5157
9596,2582
9597,3333
9598,1636
9599,4936
9600,1426
9601,5150
9602,8703
9603,1109
9604,5328
9605,8647
9606,9205
9607,6073
9608,7278
9609,8366
9610,3863
9611,7139
9612,3892
9613,68
9614,3017
9615,1018
9616,5536
9617,1073
9618,3713
9619,4904
9620,6618
9621,7568
9622,296
9623,455
9624,2605
9625,5755
9626,7213
9627,2261
9628,7079
9629,6188
9630,3379
9631,205
9632,8266
9633,8952
9634,6237
9635,1404
9636,2964
9637,9974
9638,6593
9639,9112
9640,4327
9641,5403
9642,4227
9643,1841
9644,1282
9645,8651
9646,3237
9647,3775
9648,439
9649,7934
9650,628
9651,3875
9652,1289
9653,3900
9654,8292
9655,1574
9656,9979
9657,3752
9658,6536
9659,4922
9660,6194
9661,8663
9662,48
9663,4277
9664,4133
9665,6120
9666,9774
9667,633
9668,8634
9669,3736
9670,40
9671,4194
9672,5600
9673,729
9674,5759
9675,9866
9676,2244
9677,6204
9678,9764
9679,4569
9680,7928
9681,4306
9682,9313
9683,979
9684,6859
9685,3481
9686,6430
9687,9731
9688,7956
9689,879
9690,6099
9691,4818
9692,70
9693,415
9694,1434
9695,7945
9696,5943
9697,7455
9698,4658
9699,5504
9700,6236
9701,6596
9702,6521
9703,7003
9704,1124
9705,1080
9706,270
9707,1206
9708,6151
9709,1536
9710,1674
9711,403
9712,2947
9713,7137
9714,7250
9715,3589
9716,3196
9717,5148
9718,4917
9719,3356
9720,3793
9721,9499
9722,6831
9723,8250
9724,5871
9725,6905
9726,2974
9727,3917
9728,7240
9729,1849
9730,1270
9731,6072
9732,8653
9733,6820
9734,6246
9735,6574
9736,5470
9737,4704
9738,5724
9739,6124
9740,550
9741,8343
9742,2835
9743,2636
9744,4744
9745,5085
9746,9375
9747,4379
9748,7968
9749,7234
9750,7265
9751,490
9752,3783
9753,7041
9754,2667
9755,6056
9756,6135
9757,8203
9758,4678
9759,4341
9760,9572
9761,9859
9762,3995
9763,4498
9764,9271
9765,5708
9766,7451
9767,9996
9768,8023
9769,828
9770,2525
9771,3498
9772,9291
9773,1099
9774,8976
9775,9403
9776,143
9777,4414
9778,5126
9779,9548
9780,6469
9781,7010
9782,7547
9783,1071
9784,9387
9785,4954
9786,5484
9787,9278
9788,2237
9789,7906
9790,6392
9791,3466
9792,3874
9793,4406
9794,5667
9795,2867
9796,8359
9797,9353
9798,2226
9799,1585
9800,2826
9801,326
9802,6305
9803,7023
9804,3620
9805,3777
9806,7706
9807,957
9808,3193
9809,3404
9810,2395
9811,3315
9812,3712
9813,4172
9814,8932
9815,8478
9816,7859
9817,2070
9818,653
9819,1070
9820,3121
9821,5502
9822,1251
9823,9264
9824,1656
9825,2638
9826,2132
9827,5051
9828,2364
9829,6472
9830,5410
9831,5166
9832,9469
9833,4261
9834,4393
9835,5970
9836,4570
9837,7712
9838,9847
9839,7897
9840,2562
9841,8502
9842,4452
9843,4857
9844,2697
9845,9725
9846,9690
9847,7342
9848,5951
9849,135
9850,1638
9851,7195
9852,1209
9853,4265
9854,6883
9855,6297
9856,971
9857,3428
9858,3312
9859,2289
9860,9185
9861,5001
9862,2295
9863,1237
9864,8604
9865,9558
9866,2091
9867,2217
9868,3145
9869,2875
9870,4038
9871,4185
9872,5296
9873,4868
9874,9092
9875,1648
9876,8607
9877,9984
9878,2421
9879,6609
9880,975
9881,9260
9882,4961
9883,9343
9884,8038
9885,6025
9886,4102
9887,5439
9888,3390
9889,6641
9890,1374
9891,3215
9892,5604
9893,6981
9894,2459
9895,9672
9896,9072
9897,843
9898,6967
9899,6668
9900,6390
9901,4266
9902,980
9903,4602
9904,5093
9905,9560
9906,8854
9907,1920
9908,4655
9909,1789
9910,2583
9911,1478
9912,4508
9913,238
9914,5688
9915,1835
9916,347
9917,929
9918,29
9919,5627
9920,5989
9921,4755
9922,9992
9923,884
9924,2499
9925,6074
9926,6890
9927,4854
9928,7988
9929,9907
9930,1931
9931,6086
9932,1634
9933,4141
9934,7972
9935,3189
9936,215
9937,1238
9938,8706
9939,7409
9940,5186
9941,1617
9942,906
9943,316
9944,1211
9945,7235
9946,974
9947,7146
9948,5136
9949,1141
9950,5950
9951,9780
9952,680
9953,4333
9954,3149
9955,8743
9956,2108
9957,8270
9958,6639
9959,6709
9960,1051
9961,6268
9962,1271
9963,5753
9964,3830
9965,5597
9966,8482
9967,6518
9968,9723
9969,6942
9970,3648
9971,7112
9972,4483
9973,8808
9974,592
9975,2196
9976,9173
9977,464
9978,9190
9979,4177
9980,2195
9981,5608
9982,5110
9983,2122
9984,4332
9985,2455
9986,642
9987,4614
9988,1883
9989,6097
9990,2188
9991,7566
9992,5352
9993,6918
9994,257
9995,6443
9996,5786
9997,2042
9998,164
9999,6108
10000,6737
